"year","country","vturn","outlays","realgdpgr","unemp"
1960,"Australia",95.5,NA,NA,1.42
1961,"Australia",95.3,NA,-0.07,2.79
1962,"Australia",95.3,23.17,5.71,2.63
1963,"Australia",95.7,23.01,6.1,2.12
1964,"Australia",95.7,22.88,6.28,1.15
1965,"Australia",95.7,24.9,4.97,1.15
1966,"Australia",95.1,26.06,2.9,1.6
1967,"Australia",95.1,26.35,7.25,1.88
1968,"Australia",95.1,26.52,5.3,1.82
1969,"Australia",95,25.05,6.29,1.82
1970,"Australia",95,25.23,6.96,1.65
1971,"Australia",95,25.55,3.85,1.91
1972,"Australia",95.4,27.34,2.32,2.61
1973,"Australia",95.4,26.03,4.39,2.31
1974,"Australia",95.4,28.99,1.58,2.67
1975,"Australia",95.4,31.64,2.35,4.9
1976,"Australia",95.4,33.81,3.92,4.77
1977,"Australia",95,34.86,1.45,5.63
1978,"Australia",95,34.59,2.03,6.43
1979,"Australia",95,32.97,4.65,6.26
1980,"Australia",94.4,32.94,2.84,6.11
1981,"Australia",94.4,33.11,4.07,5.78
1982,"Australia",94.4,35.79,-0.39,7.16
1983,"Australia",94.6,37.31,-0.17,9.96
1984,"Australia",94.2,38.81,6.55,8.99
1985,"Australia",94.2,39.72,5.22,8.26
1986,"Australia",94.2,39.43,2.24,8.08
1987,"Australia",93.8,37.22,5.17,8.11
1988,"Australia",93.8,34.07,4.42,7.23
1989,"Australia",93.8,32.56,4.26,6.17
1990,"Australia",95.3,33.38,1.52,6.93
1991,"Australia",95.3,35.89,-1.18,9.59
1992,"Australia",95.3,37.01,2.96,10.8
1993,"Australia",95.8,36.3,4.08,10.9
1994,"Australia",95.8,36.15,4.76,9.75
1995,"Australia",95.8,35.83,3.58,8.49
1996,"Australia",95.8,35.17,3.9,8.55
1997,"Australia",95.8,34.37,3.9,8.45
1998,"Australia",95,33.73,5.19,7.72
1999,"Australia",95,33.53,4.07,6.93
2000,"Australia",95,33.94,3.14,6.28
2001,"Australia",94.9,34.47,2.76,6.75
2002,"Australia",94.9,33.83,3.78,6.36
2003,"Australia",94.9,33.31,3.35,5.94
2004,"Australia",94.3,33.77,3.76,5.4
2005,"Australia",94.3,33.29,3.28,5.04
2006,"Australia",94.3,32.98,2.6,4.79
2007,"Australia",94.8,32.96,4.89,4.38
2008,"Australia",94.8,33.9,2.28,4.25
2009,"Australia",94.8,36.58,1.45,5.59
2010,"Australia",93.2,36.26,2.43,5.23
1960,"Austria",94.2,36.29,NA,2.41
1961,"Austria",94.2,35.71,5.55,1.86
1962,"Austria",93.8,37.56,2.62,1.9
1963,"Austria",93.8,38.64,4.15,2.09
1964,"Austria",93.8,38.67,6.18,1.94
1965,"Austria",93.8,38.35,3.01,1.92
1966,"Austria",93.8,38.75,5.14,1.75
1967,"Austria",93.8,40.73,2.84,1.85
1968,"Austria",93.8,40.89,4.11,1.57
1969,"Austria",93.8,40.69,5.46,2.04
1970,"Austria",91.8,39.54,6.43,1.39
1971,"Austria",92.4,40.03,5.11,1.26
1972,"Austria",92.4,40.07,6.21,1.16
1973,"Austria",92.4,41.5,4.89,1.08
1974,"Austria",92.4,42.03,3.94,1.34
1975,"Austria",92.9,46.09,-0.36,1.77
1976,"Austria",92.9,46.94,4.58,1.8
1977,"Austria",92.9,46.57,4.68,1.61
1978,"Austria",92.9,49.66,-0.36,2.08
1979,"Austria",92.2,48.98,5.45,2.09
1980,"Austria",92.2,49.24,2.31,1.85
1981,"Austria",92.2,50.74,-0.1,2.52
1982,"Austria",92.2,51.35,1.91,3.51
1983,"Austria",92.6,51.76,2.8,4.1
1984,"Austria",92.6,51.87,0.33,3.81
1985,"Austria",92.6,52.88,2.24,3.61
1986,"Austria",90.5,53.76,2.34,3.13
1987,"Austria",90.5,53.98,1.68,3.79
1988,"Austria",90.5,53.06,3.17,3.55
1989,"Austria",90.5,51.51,3.84,3.13
1990,"Austria",83.7,51.48,3.96,3.23
1991,"Austria",83.7,52.57,3.11,3.47
1992,"Austria",83.7,53.41,1.57,3.62
1993,"Austria",83.7,56.28,0.12,4.26
1994,"Austria",81.9,56.1,1.7,3.59
1995,"Austria",86,56.26,2.57,3.72
1996,"Austria",86,56.11,2.33,4.17
1997,"Austria",86,53.32,2.51,4.29
1998,"Austria",86,53.58,3.79,4.28
1999,"Austria",80.4,53.37,3.43,3.79
2000,"Austria",80.4,51.78,3.79,3.58
2001,"Austria",80.4,51.17,1,3.66
2002,"Austria",84.3,50.71,1.28,4.03
2003,"Austria",84.3,51.33,0.83,4.3
2004,"Austria",84.3,53.94,2.29,4.97
2005,"Austria",84.3,50.02,2.73,5.17
2006,"Austria",78.5,49.17,3.66,4.75
2007,"Austria",78.5,48.68,3.67,4.42
2008,"Austria",78.8,49.6,1.06,3.83
2009,"Austria",78.8,52.98,-3.55,4.79
2010,"Austria",78.8,52.58,2.47,4.4
1960,"Belgium",93.6,NA,NA,3.28
1961,"Belgium",92.3,NA,4.97,2.49
1962,"Belgium",92.3,NA,5.18,2.08
1963,"Belgium",92.3,NA,4.4,1.71
1964,"Belgium",92.3,NA,6.95,1.5
1965,"Belgium",91.6,NA,3.59,1.71
1966,"Belgium",91.6,NA,3.11,1.81
1967,"Belgium",91.6,NA,3.87,2.48
1968,"Belgium",90,NA,4.17,2.95
1969,"Belgium",90,NA,6.62,2.33
1970,"Belgium",90,42.66,6.19,1.93
1971,"Belgium",91.5,43.87,3.75,1.87
1972,"Belgium",91.5,45.03,5.26,2.37
1973,"Belgium",91.5,44.98,6.12,2.45
1974,"Belgium",90.3,44.52,4.2,2.54
1975,"Belgium",90.3,50.19,-1.33,4.56
1976,"Belgium",90.3,50.42,5.65,6.02
1977,"Belgium",95.1,52.17,0.63,6.83
1978,"Belgium",94.8,53.67,2.84,7.4
1979,"Belgium",94.8,55.88,2.34,7.67
1980,"Belgium",94.8,55.91,4.48,8.09
1981,"Belgium",94.6,62.23,-0.28,10.4
1982,"Belgium",94.6,59.95,0.59,12.17
1983,"Belgium",94.6,62.32,0.31,13.47
1984,"Belgium",94.6,58.42,2.47,13.51
1985,"Belgium",93.6,58.34,1.65,12.58
1986,"Belgium",93.6,57.55,1.82,11.89
1987,"Belgium",93.4,55.73,2.31,11.58
1988,"Belgium",93.4,53.82,4.72,10.54
1989,"Belgium",93.4,52.28,3.47,9.47
1990,"Belgium",93.4,52.27,3.14,8.92
1991,"Belgium",92.7,53.48,1.83,9.47
1992,"Belgium",92.7,53.76,1.53,10.48
1993,"Belgium",92.7,54.86,-0.96,12.15
1994,"Belgium",92.7,52.55,3.23,13.06
1995,"Belgium",91.1,52.07,2.38,13
1996,"Belgium",91.1,52.48,1.23,12.72
1997,"Belgium",91.1,51.15,3.85,12.56
1998,"Belgium",91.1,50.36,1.94,11.71
1999,"Belgium",90.6,50.14,3.51,8.56
2000,"Belgium",90.6,49.1,3.78,7.01
2001,"Belgium",90.6,49.11,0.71,6.61
2002,"Belgium",90.6,49.79,1.39,7.54
2003,"Belgium",91.6,51.05,0.79,8.21
2004,"Belgium",91.6,49.21,3.2,8.41
2005,"Belgium",91.6,51.86,1.88,8.44
2006,"Belgium",91.6,48.46,2.72,8.25
2007,"Belgium",91.1,48.26,2.84,7.46
2008,"Belgium",91.1,49.84,0.85,6.98
2009,"Belgium",91.1,53.72,-2.66,7.91
2010,"Belgium",89.2,52.78,2.22,8.29
1960,"Canada",80.6,NA,NA,6.96
1961,"Canada",80.6,NA,3.06,7.15
1962,"Canada",80.1,NA,6.99,5.9
1963,"Canada",80.3,NA,5.31,5.54
1964,"Canada",80.3,NA,6.47,4.67
1965,"Canada",75.9,NA,6.37,3.92
1966,"Canada",75.9,NA,6.65,3.35
1967,"Canada",75.9,NA,2.92,3.82
1968,"Canada",75.7,NA,4.88,4.5
1969,"Canada",75.7,NA,5.03,4.42
1970,"Canada",75.7,35.92,3.03,5.67
1971,"Canada",75.7,37.17,4.12,6.19
1972,"Canada",77.2,37.45,5.45,6.22
1973,"Canada",77.2,36.09,6.96,5.55
1974,"Canada",71,37.44,3.69,5.33
1975,"Canada",71,40.89,1.82,6.92
1976,"Canada",71,40.12,5.2,7.09
1977,"Canada",71,41.15,3.46,8.05
1978,"Canada",71,41.54,3.95,8.38
1979,"Canada",75.7,39.95,3.8,7.53
1980,"Canada",69.3,41.48,2.16,7.54
1981,"Canada",69.3,42.39,3.5,7.61
1982,"Canada",69.3,47.18,-2.86,11.04
1983,"Canada",69.3,47.81,2.72,12.02
1984,"Canada",75.7,47.51,5.81,11.34
1985,"Canada",75.7,48.13,4.78,10.64
1986,"Canada",75.7,47.5,2.42,9.69
1987,"Canada",75.7,46.01,4.25,8.82
1988,"Canada",75.5,45.34,4.97,7.76
1989,"Canada",75.5,45.77,2.62,7.55
1990,"Canada",75.5,48.74,0.19,8.13
1991,"Canada",75.5,52.14,-2.09,10.32
1992,"Canada",75.5,53.24,0.88,11.2
1993,"Canada",69.6,52.21,2.34,11.38
1994,"Canada",69.6,49.79,4.8,10.4
1995,"Canada",69.6,48.45,2.81,9.49
1996,"Canada",69.6,46.73,1.62,9.62
1997,"Canada",67,44.25,4.23,9.1
1998,"Canada",67,44.78,4.1,8.28
1999,"Canada",67,42.98,5.53,7.58
2000,"Canada",60.5,41.09,5.23,6.83
2001,"Canada",60.5,41.97,1.78,7.23
2002,"Canada",60.5,41.23,2.92,7.67
2003,"Canada",60.5,41.18,1.88,7.58
2004,"Canada",60.9,39.86,3.12,7.18
2005,"Canada",60.9,39.3,3.02,6.76
2006,"Canada",64.7,39.45,2.82,6.32
2007,"Canada",64.7,39.35,2.2,6.03
2008,"Canada",58.8,40.03,0.69,6.13
2009,"Canada",58.8,44.37,-2.77,8.27
2010,"Canada",58.8,44.08,3.21,8.01
1960,"Denmark",85.8,NA,NA,1.96
1961,"Denmark",85.8,NA,5.6,1.93
1962,"Denmark",85.8,NA,5.55,1.85
1963,"Denmark",85.8,NA,-1.12,2.06
1964,"Denmark",85.5,NA,11.04,1.47
1965,"Denmark",85.5,NA,4.47,1.18
1966,"Denmark",88.6,NA,7.54,1.38
1967,"Denmark",88.6,NA,5.64,1.22
1968,"Denmark",89.3,NA,5.67,1.22
1969,"Denmark",89.3,NA,6.48,1.13
1970,"Denmark",89.3,NA,1.5,0.73
1971,"Denmark",87.2,42.74,3,1.14
1972,"Denmark",87.2,42.12,4.17,0.97
1973,"Denmark",88.7,40.17,3.76,0.87
1974,"Denmark",88.7,44.89,-0.82,3.6
1975,"Denmark",88.2,46.49,-1.22,4.93
1976,"Denmark",88.2,46.49,6.09,6.41
1977,"Denmark",88,46.86,1.98,7.42
1978,"Denmark",88,47.83,2.27,8.38
1979,"Denmark",85.6,49.93,3.95,6.05
1980,"Denmark",85.6,53.42,-0.49,6.93
1981,"Denmark",83.2,57.81,-0.89,10.43
1982,"Denmark",83.2,59.61,3.71,11.09
1983,"Denmark",83.2,59.21,2.65,11.55
1984,"Denmark",88.4,56.13,4.17,8.59
1985,"Denmark",88.4,55.13,4.02,7.35
1986,"Denmark",88.4,51.09,4.95,5.53
1987,"Denmark",86.7,52.51,0.29,5.47
1988,"Denmark",85.7,55.13,-0.14,6.54
1989,"Denmark",85.7,55.48,0.57,8.23
1990,"Denmark",81.4,55.41,1.61,8.41
1991,"Denmark",81.4,56.07,1.3,9.21
1992,"Denmark",81.4,57.12,1.98,9.1
1993,"Denmark",81.4,60.21,-0.09,10.81
1994,"Denmark",84.3,60.19,5.53,8.13
1995,"Denmark",84.3,59.28,3.07,7.13
1996,"Denmark",84.3,58.91,2.83,6.99
1997,"Denmark",84.3,56.68,3.2,6.16
1998,"Denmark",86,56.33,2.16,5.51
1999,"Denmark",86,55.5,2.56,5.58
2000,"Denmark",86,53.67,3.53,4.64
2001,"Denmark",87.1,54.19,0.7,4.83
2002,"Denmark",87.1,54.58,0.47,4.75
2003,"Denmark",87.1,55.07,0.38,5.6
2004,"Denmark",87.1,54.55,2.3,5.72
2005,"Denmark",84.5,52.79,2.45,5.02
2006,"Denmark",84.5,51.59,3.39,4.1
2007,"Denmark",86.6,50.81,1.58,4.01
2008,"Denmark",86.6,51.52,-0.78,3.38
2009,"Denmark",86.6,57.96,-5.83,6.11
2010,"Denmark",86.6,57.82,1.3,7.58
1960,"Finland",75,26.41,NA,1.46
1961,"Finland",75,25.57,7.61,1.22
1962,"Finland",85.1,27.58,2.98,1.3
1963,"Finland",85.1,28.9,3.28,1.49
1964,"Finland",85.1,30.38,5.24,1.52
1965,"Finland",85.1,30.84,5.3,1.38
1966,"Finland",84.9,32.3,2.37,1.51
1967,"Finland",84.9,33.37,2.17,2.91
1968,"Finland",84.9,33.34,2.3,3.96
1969,"Finland",84.9,31.92,9.59,2.84
1970,"Finland",82.2,31.02,7.47,1.9
1971,"Finland",82.2,32.65,2.06,2.27
1972,"Finland",81.4,33.09,7.6,2.54
1973,"Finland",81.4,32.05,6.6,2.31
1974,"Finland",81.4,32.3,3.07,1.73
1975,"Finland",73.8,38.68,1.07,2.25
1976,"Finland",73.8,40.09,0.17,3.9
1977,"Finland",73.8,41.69,0.6,5.93
1978,"Finland",73.8,41.35,2.5,7.28
1979,"Finland",75.3,40.45,6.72,5.99
1980,"Finland",75.3,40.35,5.09,4.69
1981,"Finland",75.3,41.38,1.27,4.91
1982,"Finland",75.3,43.07,3.1,5.4
1983,"Finland",75.7,44.7,3.07,5.48
1984,"Finland",75.7,44.75,2.99,5.24
1985,"Finland",75.7,46.7,3.23,5.05
1986,"Finland",75.7,47.36,2.75,5.39
1987,"Finland",72.1,47.84,3.62,5.11
1988,"Finland",72.1,46.38,5.15,4.57
1989,"Finland",72.1,44.5,5.42,3.11
1990,"Finland",72.1,48.25,0.14,3.19
1991,"Finland",72.1,57.19,-6,6.67
1992,"Finland",72.1,62.48,-3.48,11.73
1993,"Finland",72.1,64.89,-0.81,16.42
1994,"Finland",72.1,63.63,3.65,16.63
1995,"Finland",71.7,61.56,3.96,15.45
1996,"Finland",71.7,60.2,3.57,14.63
1997,"Finland",71.7,56.68,6.21,12.68
1998,"Finland",71.7,53.04,5.03,11.4
1999,"Finland",68.3,51.82,3.91,10.24
2000,"Finland",68.3,48.45,5.32,9.81
2001,"Finland",68.3,48.03,2.28,9.14
2002,"Finland",68.3,49.07,1.83,9.12
2003,"Finland",69.7,50.36,2.01,9.06
2004,"Finland",69.7,50.27,4.13,8.85
2005,"Finland",69.7,50.42,2.92,8.42
2006,"Finland",69.7,49.27,4.41,7.73
2007,"Finland",65,47.47,5.34,6.86
2008,"Finland",65,49.35,0.29,6.38
2009,"Finland",65,56.14,-8.35,8.28
2010,"Finland",65,55.59,3.73,8.42
1960,"France",77.2,NA,NA,1.29
1961,"France",77.2,NA,4.95,1.13
1962,"France",68.7,NA,6.72,1.28
1963,"France",68.7,61.56,6.28,1.41
1964,"France",68.7,56.59,6.35,1.13
1965,"France",68.7,52.91,4.81,1.4
1966,"France",68.7,52.22,5.28,1.44
1967,"France",81.1,50.79,4.91,1.91
1968,"France",80,48.34,4.41,2.41
1969,"France",80,43.29,7.15,2.08
1970,"France",80,39.23,6.15,2.23
1971,"France",80,38.83,5.31,2.44
1972,"France",80,39.05,4.64,2.54
1973,"France",81.3,39.01,6.56,2.43
1974,"France",81.3,39.64,4.7,2.56
1975,"France",81.3,43.01,-1.14,3.7
1976,"France",81.3,43.36,4.34,4.11
1977,"France",81.3,43.49,3.62,4.61
1978,"France",83.2,44.72,3.91,4.79
1979,"France",83.2,44.92,3.41,5.41
1980,"France",83.2,46,1.69,5.79
1981,"France",70.9,48.56,1.02,6.81
1982,"France",70.9,49.91,2.39,7.39
1983,"France",70.9,50.28,1.23,7.69
1984,"France",70.9,51.21,1.6,8.98
1985,"France",70.9,51.83,1.69,9.54
1986,"France",78.5,51.28,2.16,9.58
1987,"France",78.5,50.7,2.39,9.7
1988,"France",66.2,50.12,4.52,9.32
1989,"France",66.2,48.9,4.39,8.65
1990,"France",66.2,49.57,2.58,8
1991,"France",66.2,50.64,1.09,8.15
1992,"France",66.2,52.03,1.32,9.06
1993,"France",69.3,55.09,-0.66,10.14
1994,"France",69.3,54.11,2.21,10.71
1995,"France",69.3,54.37,2.17,10.12
1996,"France",69.3,54.49,1.04,10.67
1997,"France",68,54.19,2.17,10.73
1998,"France",68,52.75,3.41,10.22
1999,"France",68,52.65,3.18,9.81
2000,"France",68,51.64,3.87,8.37
2001,"France",68,51.63,1.79,7.56
2002,"France",64.4,52.84,0.94,7.71
2003,"France",64.4,53.37,0.89,8.33
2004,"France",64.4,53.34,2.35,8.71
2005,"France",64.4,53.63,1.87,8.73
2006,"France",64.4,52.93,2.66,8.66
2007,"France",60.4,52.6,2.23,7.87
2008,"France",60.4,53.33,-0.2,7.32
2009,"France",60.4,56.85,-2.97,9.09
2010,"France",60.4,56.81,1.59,9.32
1960,"Germany",87.8,32.71,NA,1.03
1961,"Germany",87.7,34.06,4.72,0.69
1962,"Germany",87.7,35.81,4.71,0.59
1963,"Germany",87.7,36.59,2.93,0.7
1964,"Germany",87.7,36.38,6.42,0.64
1965,"Germany",86.8,37.1,5.26,0.55
1966,"Germany",86.8,37.14,2.89,0.61
1967,"Germany",86.8,39,-0.25,1.77
1968,"Germany",86.8,39.26,5.54,1.25
1969,"Germany",86.7,38.66,7.46,0.69
1970,"Germany",86.7,38.43,5.04,0.57
1971,"Germany",86.7,39.91,3.01,0.7
1972,"Germany",91.1,41.06,4.27,0.93
1973,"Germany",91.1,41.57,4.97,1.01
1974,"Germany",91.1,44.7,1.01,2.16
1975,"Germany",91.1,48.7,-0.89,4.03
1976,"Germany",90.7,48.4,4.45,4
1977,"Germany",90.7,47.99,3.5,3.89
1978,"Germany",90.7,46.99,3.11,3.72
1979,"Germany",90.7,46.45,4.29,3.24
1980,"Germany",88.6,46.89,1.3,3.24
1981,"Germany",88.6,47.46,0.65,4.58
1982,"Germany",88.6,47.51,-0.51,6.54
1983,"Germany",88.4,46.58,1.47,8.05
1984,"Germany",88.4,45.82,2.91,7.21
1985,"Germany",88.4,45.08,2.6,7.3
1986,"Germany",88.4,44.4,2.27,6.57
1987,"Germany",84.3,45,1.28,6.31
1988,"Germany",84.3,44.65,3.44,6.29
1989,"Germany",84.3,43.11,4.05,5.62
1990,"Germany",77.8,43.55,5.47,4.78
1991,"Germany",77.8,46.1,5.2,5.64
1992,"Germany",77.8,47.19,1.5,6.7
1993,"Germany",77.8,48.2,-1.01,7.96
1994,"Germany",79,48.05,2.53,8.49
1995,"Germany",79,54.84,1.77,8.21
1996,"Germany",79,49.02,0.83,8.95
1997,"Germany",79,48.17,1.78,9.91
1998,"Germany",82.2,48.04,1.65,9.29
1999,"Germany",82.2,48.32,1.75,8.46
2000,"Germany",82.2,45.09,3.3,7.8
2001,"Germany",82.2,47.54,1.64,7.88
2002,"Germany",79.1,47.87,0.03,8.62
2003,"Germany",79.1,48.39,-0.38,9.32
2004,"Germany",79.1,47.22,0.7,10.34
2005,"Germany",77.7,46.98,0.83,11.24
2006,"Germany",77.7,45.33,3.89,10.33
2007,"Germany",77.7,43.45,3.39,8.71
2008,"Germany",77.7,44.1,0.81,7.56
2009,"Germany",70.8,48.13,-5.08,7.78
2010,"Germany",70.8,47.97,3.56,7.1
1960,"Greece",75.5,23.05,NA,6.1
1961,"Greece",81.9,22.72,13.2,5.91
1962,"Greece",81.9,23.8,0.36,5.07
1963,"Greece",83,22.25,11.84,4.98
1964,"Greece",81.7,22.9,9.41,4.65
1965,"Greece",81.7,22.44,10.77,4.82
1966,"Greece",81.7,23.62,6.49,5.01
1967,"Greece",NA,25.2,5.67,5.4
1968,"Greece",NA,25.75,7.2,5.58
1969,"Greece",NA,24.85,11.56,5.25
1970,"Greece",NA,24.22,8.93,4.16
1971,"Greece",NA,24.32,7.84,3.14
1972,"Greece",NA,24.38,10.16,2.11
1973,"Greece",NA,23.12,8.09,1.97
1974,"Greece",79.5,26.76,-6.44,2.05
1975,"Greece",79.5,27.57,6.37,2.29
1976,"Greece",79.5,27.53,6.85,1.91
1977,"Greece",81.1,28.7,2.94,1.69
1978,"Greece",81.1,28.63,7.25,1.83
1979,"Greece",81.1,29.11,3.28,1.9
1980,"Greece",81.1,29.25,0.68,2.75
1981,"Greece",81.5,34.07,-1.55,4.05
1982,"Greece",81.5,35.28,-1.13,5.78
1983,"Greece",81.5,37.22,-1.08,7.86
1984,"Greece",81.5,39.16,2.01,8.14
1985,"Greece",83.8,41.1,2.51,7.81
1986,"Greece",83.8,40.41,0.52,7.38
1987,"Greece",83.8,40.36,-2.26,7.36
1988,"Greece",83.8,39.31,4.29,7.67
1989,"Greece",84.3,40.58,3.8,7.46
1990,"Greece",84.5,44.87,0,7.03
1991,"Greece",84.5,41.77,3.1,7.65
1992,"Greece",84.5,44.24,0.7,8.68
1993,"Greece",78.2,46.54,-1.6,9.66
1994,"Greece",78.2,44.72,2,9.61
1995,"Greece",78.2,46.17,2.1,9.99
1996,"Greece",78.7,44.48,2.36,10.33
1997,"Greece",78.7,45.28,3.64,10.24
1998,"Greece",78.7,44.73,3.36,10.84
1999,"Greece",78.7,44.8,3.42,11.85
2000,"Greece",78.3,47.12,4.48,11.25
2001,"Greece",78.3,45.71,4.2,10.44
2002,"Greece",78.3,45.5,3.44,9.93
2003,"Greece",78.3,45.15,5.94,9.34
2004,"Greece",89.1,45.94,4.37,10.22
2005,"Greece",89.1,44.6,2.28,9.63
2006,"Greece",89.1,45.19,5.54,8.75
2007,"Greece",86.5,47.59,3,8.09
2008,"Greece",86.5,50.65,-0.16,7.23
2009,"Greece",82.9,53.81,-3.25,8.9
2010,"Greece",82.9,50.2,-3.52,11.83
1960,"Iceland",90.4,NA,NA,NA
1961,"Iceland",90.4,NA,-0.08,1.44
1962,"Iceland",90.4,NA,8.31,1.42
1963,"Iceland",91.1,NA,10.28,1.39
1964,"Iceland",91.1,NA,9.92,0.08
1965,"Iceland",91.1,NA,7.29,0.19
1966,"Iceland",91.1,NA,8.74,0.19
1967,"Iceland",91.4,NA,-1.27,0.38
1968,"Iceland",91.4,NA,-5.47,1.31
1969,"Iceland",91.4,NA,2.37,2.45
1970,"Iceland",91.4,31.1,7.46,1.28
1971,"Iceland",90.4,33.78,13.06,0.65
1972,"Iceland",90.4,34.77,6.18,0.5
1973,"Iceland",90.4,34.63,6.81,0.4
1974,"Iceland",91.4,37.43,5.71,0.39
1975,"Iceland",91.4,37.53,0.65,0.48
1976,"Iceland",91.4,33.06,5.96,0.49
1977,"Iceland",91.4,32.64,8.82,0.29
1978,"Iceland",90.3,32.86,6.02,0.33
1979,"Iceland",89.3,33.43,4.86,0.37
1980,"Iceland",89.3,32.96,5.75,0.31
1981,"Iceland",89.3,34.36,4.27,0.36
1982,"Iceland",89.3,35.02,2.15,0.67
1983,"Iceland",88.6,36.55,-2.15,1.02
1984,"Iceland",88.6,33.18,4.13,1.25
1985,"Iceland",88.6,35.45,3.29,0.91
1986,"Iceland",88.6,37.8,6.27,0.66
1987,"Iceland",90.1,34.71,8.55,0.44
1988,"Iceland",90.1,39.35,-0.09,0.64
1989,"Iceland",90.1,40.79,0.26,1.66
1990,"Iceland",90.1,38.87,1.17,1.76
1991,"Iceland",87.6,40.06,-0.22,2.55
1992,"Iceland",87.6,40.54,-3.37,4.31
1993,"Iceland",87.6,40.37,1.31,5.26
1994,"Iceland",87.6,39.94,3.61,5.33
1995,"Iceland",87.4,42.7,0.12,4.86
1996,"Iceland",87.4,42.21,4.79,3.72
1997,"Iceland",87.4,40.69,4.91,3.88
1998,"Iceland",87.4,41.3,6.32,2.74
1999,"Iceland",84.1,42.05,4.09,2.01
2000,"Iceland",84.1,41.87,4.32,2.31
2001,"Iceland",84.1,42.6,3.92,2.26
2002,"Iceland",84.1,44.25,0.14,3.25
2003,"Iceland",87.7,45.61,2.43,3.35
2004,"Iceland",87.7,43.99,7.84,3.06
2005,"Iceland",87.7,42.25,7.23,2.59
2006,"Iceland",87.7,41.64,4.71,2.88
2007,"Iceland",83.6,42.27,5.99,2.3
2008,"Iceland",83.6,57.61,1.27,2.99
2009,"Iceland",85.1,51.05,-6.81,7.24
2010,"Iceland",85.1,51.61,-4.02,7.56
1960,"Ireland",71.3,29.44,NA,5.68
1961,"Ireland",70.6,31.77,5.02,6.39
1962,"Ireland",70.6,32.01,3.21,4.88
1963,"Ireland",70.6,34,4.75,5.03
1964,"Ireland",70.6,35.21,3.79,4.75
1965,"Ireland",75.1,36.19,1.93,4.59
1966,"Ireland",75.1,37.27,0.89,5.92
1967,"Ireland",75.1,39.71,5.79,5.05
1968,"Ireland",75.1,40.45,8.24,5.38
1969,"Ireland",76.9,42.98,5.86,5.03
1970,"Ireland",76.9,44.59,2.66,5.86
1971,"Ireland",76.9,45.8,3.47,6.88
1972,"Ireland",76.9,41.92,6.49,6.21
1973,"Ireland",76.6,40.72,4.72,5.71
1974,"Ireland",76.6,44.76,4.26,5.39
1975,"Ireland",76.6,48.7,5.66,9.33
1976,"Ireland",76.6,48.32,1.39,9.09
1977,"Ireland",76.3,45.03,8.21,8.81
1978,"Ireland",76.3,46.69,7.19,8.29
1979,"Ireland",76.3,49.17,3.07,6.83
1980,"Ireland",76.3,54.26,3.08,7.39
1981,"Ireland",76.2,54.67,3.33,10.5
1982,"Ireland",72.8,57.28,2.28,11.55
1983,"Ireland",72.8,56.14,-0.24,14.04
1984,"Ireland",72.8,53.23,4.35,15.6
1985,"Ireland",72.8,53.87,3.09,16.74
1986,"Ireland",72.8,53.57,-0.43,17.15
1987,"Ireland",73.3,52.01,4.66,16.97
1988,"Ireland",73.3,48.44,5.22,16.38
1989,"Ireland",68.5,42.66,5.81,15.19
1990,"Ireland",68.5,42.38,8.47,13.03
1991,"Ireland",68.5,43.95,1.93,14.76
1992,"Ireland",68.5,44.37,3.34,15.17
1993,"Ireland",68.5,44.17,2.69,15.79
1994,"Ireland",68.5,43.47,5.76,14.82
1995,"Ireland",68.5,40.94,9.63,12.24
1996,"Ireland",68.5,38.95,7.6,11.95
1997,"Ireland",65.9,36.54,10.92,10.39
1998,"Ireland",65.9,34.36,7.84,7.86
1999,"Ireland",65.9,33.92,9.9,5.94
2000,"Ireland",65.9,31.19,9.29,4.53
2001,"Ireland",65.9,33.02,4.83,3.86
2002,"Ireland",62.7,33.35,5.88,4.46
2003,"Ireland",62.7,33.12,4.16,4.61
2004,"Ireland",62.7,33.49,4.52,4.54
2005,"Ireland",62.7,33.76,5.33,4.71
2006,"Ireland",62.7,34.26,5.33,4.6
2007,"Ireland",67,36.61,5.17,4.67
2008,"Ireland",67,42.82,-2.98,5.68
2009,"Ireland",67,48.83,-7,12.04
2010,"Ireland",67,66.78,-0.43,13.69
1960,"Italy",93.7,28.49,NA,5.66
1961,"Italy",93.7,27.56,8.21,5.16
1962,"Italy",93.7,28.59,6.2,4.56
1963,"Italy",92.9,29.21,5.61,3.88
1964,"Italy",92.9,29.89,2.8,4.34
1965,"Italy",92.9,32.13,3.27,5.4
1966,"Italy",92.9,32.05,5.98,5.88
1967,"Italy",92.9,31.53,7.18,5.42
1968,"Italy",92.8,32.59,6.54,5.73
1969,"Italy",92.8,32.03,6.1,5.72
1970,"Italy",92.8,32.3,5.31,5.47
1971,"Italy",92.8,34.35,1.93,5.47
1972,"Italy",93.2,36.33,3.15,6.43
1973,"Italy",93.2,35.23,6.55,6.42
1974,"Italy",93.2,34.75,5.28,5.42
1975,"Italy",93.2,39.08,-2.05,5.92
1976,"Italy",93.4,38.08,6.53,6.75
1977,"Italy",93.4,38.46,2.36,7.21
1978,"Italy",93.4,40.86,3.65,7.28
1979,"Italy",91.1,40.11,5.53,7.75
1980,"Italy",91.1,40.55,3.48,7.66
1981,"Italy",91.1,44.43,0.78,7.99
1982,"Italy",91.1,46.56,0.33,8.65
1983,"Italy",89,48.68,1.37,9.52
1984,"Italy",89,48.89,3.21,10.14
1985,"Italy",89,49.58,2.84,10.41
1986,"Italy",89,50.14,2.97,11.24
1987,"Italy",90.5,49.57,2.96,12.09
1988,"Italy",90.5,50.13,4.3,12.11
1989,"Italy",90.5,51.29,3.47,12.1
1990,"Italy",90.5,52.6,1.95,11.48
1991,"Italy",90.5,53.67,1.53,11.03
1992,"Italy",87.3,55.07,0.7,10.65
1993,"Italy",87.3,56.03,-0.86,10.17
1994,"Italy",86.1,53.2,2.28,11.16
1995,"Italy",86.1,52.16,2.96,11.73
1996,"Italy",82.9,52.18,1,11.74
1997,"Italy",82.9,49.94,1.91,11.83
1998,"Italy",82.9,48.95,1.32,11.94
1999,"Italy",82.9,47.91,1.42,11.52
2000,"Italy",82.9,45.82,3.89,10.68
2001,"Italy",81.2,47.71,1.76,9.62
2002,"Italy",81.2,47.12,0.45,9.1
2003,"Italy",81.2,48.05,0.03,8.76
2004,"Italy",81.2,47.58,1.56,8.13
2005,"Italy",81.2,47.89,1.09,7.81
2006,"Italy",83.6,48.39,2.27,6.85
2007,"Italy",83.6,47.64,1.55,6.15
2008,"Italy",78.1,48.61,-1.16,6.81
2009,"Italy",78.1,51.89,-5.5,7.87
2010,"Italy",78.1,50.54,1.76,8.51
1960,"Japan",73.5,19.18,NA,1.66
1961,"Japan",73.5,20.01,11.87,1.45
1962,"Japan",73.5,20.62,8.66,1.28
1963,"Japan",71.1,20.86,8.73,1.27
1964,"Japan",71.1,20.83,11.27,1.15
1965,"Japan",71.1,21.07,5.7,1.19
1966,"Japan",71.1,21.14,10.33,1.33
1967,"Japan",74,21.35,11,1.26
1968,"Japan",74,21.65,11.87,1.17
1969,"Japan",68.5,21.64,11.91,1.12
1970,"Japan",68.5,22.46,10.4,1.14
1971,"Japan",68.5,23.52,4.41,1.23
1972,"Japan",71.7,23.97,8.31,1.4
1973,"Japan",71.7,24.56,8.1,1.28
1974,"Japan",71.7,26.72,-1.16,1.37
1975,"Japan",71.7,27.05,3.07,1.88
1976,"Japan",73.4,27.14,3.98,2.01
1977,"Japan",73.4,28.61,4.4,2.02
1978,"Japan",73.4,29.7,5.26,2.24
1979,"Japan",68,31.66,5.43,2.09
1980,"Japan",74.6,33.02,2.82,2.02
1981,"Japan",74.6,33.67,4.22,2.21
1982,"Japan",74.6,33.87,3.39,2.36
1983,"Japan",67.9,34.13,3.05,2.65
1984,"Japan",67.9,33.29,4.58,2.72
1985,"Japan",67.9,32.22,6.21,2.62
1986,"Japan",71.4,32.3,2.87,2.77
1987,"Japan",71.4,32.74,4.04,2.84
1988,"Japan",71.4,31.91,7.26,2.51
1989,"Japan",71.4,31.07,5.3,2.26
1990,"Japan",73.3,31.22,5.62,2.1
1991,"Japan",73.3,31.2,3.32,2.09
1992,"Japan",73.3,32.29,0.9,2.16
1993,"Japan",67,34.05,0.11,2.51
1994,"Japan",67,34.61,0.9,2.89
1995,"Japan",67,35.56,1.93,3.15
1996,"Japan",59,36.25,2.66,3.35
1997,"Japan",59,35.22,1.6,3.39
1998,"Japan",59,42,-2.11,4.11
1999,"Japan",59,38.01,-0.08,4.68
2000,"Japan",62.5,38.54,2.23,4.73
2001,"Japan",62.5,37.99,0.35,5.04
2002,"Japan",62.5,38.24,0.28,5.37
2003,"Japan",59.9,37.77,1.72,5.25
2004,"Japan",59.9,36.57,2.34,4.71
2005,"Japan",67.5,36.42,1.29,4.42
2006,"Japan",67.5,35.95,1.68,4.13
2007,"Japan",67.5,35.79,2.17,3.85
2008,"Japan",67.5,36.96,-1.07,3.98
2009,"Japan",69.3,41.92,-5.53,5.08
2010,"Japan",69.3,40.79,4.46,5.07
1960,"Luxembourg",92.3,NA,NA,0.09
1961,"Luxembourg",92.3,NA,3.83,0.09
1962,"Luxembourg",92.3,NA,1.36,0.06
1963,"Luxembourg",92.3,NA,3.44,0.16
1964,"Luxembourg",90.6,NA,7.87,0.03
1965,"Luxembourg",90.6,NA,1.93,0.03
1966,"Luxembourg",90.6,NA,1.11,0.02
1967,"Luxembourg",90.6,NA,0.22,0.03
1968,"Luxembourg",88.6,NA,4.18,0.07
1969,"Luxembourg",88.6,NA,9.97,0.03
1970,"Luxembourg",88.6,NA,1.7,0.03
1971,"Luxembourg",88.6,NA,2.67,0.01
1972,"Luxembourg",88.6,NA,6.6,0.03
1973,"Luxembourg",88.6,NA,8.31,0.03
1974,"Luxembourg",90.1,NA,4.21,0.04
1975,"Luxembourg",90.1,NA,-6.57,0.17
1976,"Luxembourg",90.1,NA,2.53,0.29
1977,"Luxembourg",90.1,NA,1.57,0.52
1978,"Luxembourg",90.1,NA,4.07,0.74
1979,"Luxembourg",88.9,NA,2.35,0.67
1980,"Luxembourg",88.9,NA,0.84,0.69
1981,"Luxembourg",88.9,NA,-0.55,0.98
1982,"Luxembourg",88.9,NA,1.13,1.28
1983,"Luxembourg",88.9,NA,2.99,1.55
1984,"Luxembourg",88.8,NA,6.19,1.68
1985,"Luxembourg",88.8,NA,2.79,1.59
1986,"Luxembourg",88.8,NA,9.98,1.38
1987,"Luxembourg",88.8,NA,3.95,1.55
1988,"Luxembourg",88.8,NA,8.46,1.41
1989,"Luxembourg",87.3,NA,9.8,1.25
1990,"Luxembourg",87.3,37.75,5.32,1.09
1991,"Luxembourg",87.3,38.4,8.64,1.17
1992,"Luxembourg",87.3,40.01,1.82,1.35
1993,"Luxembourg",87.3,39.77,4.2,1.7
1994,"Luxembourg",88.3,38.95,3.82,2.17
1995,"Luxembourg",88.3,39.68,1.43,2.33
1996,"Luxembourg",88.3,41.13,1.52,2.51
1997,"Luxembourg",88.3,40.65,5.94,2.72
1998,"Luxembourg",88.3,41.06,6.49,2.28
1999,"Luxembourg",86.5,39.19,8.42,2.1
2000,"Luxembourg",86.5,37.59,8.44,1.85
2001,"Luxembourg",86.5,38.13,2.52,1.74
2002,"Luxembourg",86.5,41.53,4.1,2
2003,"Luxembourg",86.5,41.78,1.55,2.54
2004,"Luxembourg",91.9,42.55,4.4,2.84
2005,"Luxembourg",91.9,41.52,5.43,3.11
2006,"Luxembourg",91.9,38.58,4.97,2.88
2007,"Luxembourg",91.9,36.27,6.64,2.81
2008,"Luxembourg",91.9,37.12,0.75,2.89
2009,"Luxembourg",90.9,43,-5.3,3.96
2010,"Luxembourg",90.9,42.43,2.68,4.25
1960,"Netherlands",95.6,NA,NA,0.72
1961,"Netherlands",95.6,NA,3.22,0.52
1962,"Netherlands",95.6,NA,4.15,0.53
1963,"Netherlands",95.1,NA,3.71,0.57
1964,"Netherlands",95.1,NA,7.98,0.49
1965,"Netherlands",95.1,NA,5.69,0.55
1966,"Netherlands",95.1,NA,3.02,0.79
1967,"Netherlands",94.9,NA,5.55,1.64
1968,"Netherlands",94.9,NA,6.57,1.47
1969,"Netherlands",94.9,43.6,5.42,1.05
1970,"Netherlands",94.9,44.82,5.7,0.99
1971,"Netherlands",79.1,46.35,4.22,1.3
1972,"Netherlands",83.5,45.59,3.31,2.26
1973,"Netherlands",83.5,45.35,4.69,2.3
1974,"Netherlands",83.5,47.3,3.97,2.81
1975,"Netherlands",83.5,52.06,-0.09,5.31
1976,"Netherlands",83.5,51.83,5.12,5.64
1977,"Netherlands",88,50.97,2.32,5.45
1978,"Netherlands",88,52.72,2.48,5.43
1979,"Netherlands",88,54.15,1.84,5.49
1980,"Netherlands",88,55.83,1.68,6.16
1981,"Netherlands",87,57.47,-0.51,8.65
1982,"Netherlands",81,59.68,-1.28,11.56
1983,"Netherlands",81,59.6,1.76,11.86
1984,"Netherlands",81,58.73,3.12,12.15
1985,"Netherlands",81,57.49,2.66,10.5
1986,"Netherlands",85.8,57.12,3.13,10.5
1987,"Netherlands",85.8,58.5,1.85,9.98
1988,"Netherlands",85.8,56.35,2.98,9.41
1989,"Netherlands",80.3,54.39,4.48,8.76
1990,"Netherlands",80.3,54.85,4.18,7.74
1991,"Netherlands",80.3,54.87,2.45,7.33
1992,"Netherlands",80.3,55.68,1.58,5.55
1993,"Netherlands",80.3,55.72,1.26,6.28
1994,"Netherlands",78.8,53.5,3.01,7.16
1995,"Netherlands",78.8,56.33,3.26,7.16
1996,"Netherlands",78.8,49.4,3.29,6.42
1997,"Netherlands",78.8,47.48,4.34,5.51
1998,"Netherlands",73.3,46.63,3.86,4.39
1999,"Netherlands",73.3,46.01,4.61,3.62
2000,"Netherlands",73.3,44.13,4.02,2.73
2001,"Netherlands",73.3,45.3,1.99,2.12
2002,"Netherlands",79.1,46.15,0.08,2.55
2003,"Netherlands",80,47.04,0.32,3.59
2004,"Netherlands",80,46.13,2.04,4.65
2005,"Netherlands",80,44.77,2.16,4.72
2006,"Netherlands",80.4,45.5,3.45,3.91
2007,"Netherlands",80.4,45.23,3.91,3.18
2008,"Netherlands",80.4,46.21,1.77,2.75
2009,"Netherlands",80.4,51.53,-3.53,3.41
2010,"Netherlands",75.4,51.2,1.63,4.45
1960,"New Zealand",89.7,NA,NA,0.12
1961,"New Zealand",89.7,NA,4.44,0
1962,"New Zealand",89.7,NA,2.48,0.11
1963,"New Zealand",90.2,NA,4.32,0.11
1964,"New Zealand",90.2,NA,4.2,0.11
1965,"New Zealand",90.2,NA,6.33,0.1
1966,"New Zealand",86,NA,8.16,0.1
1967,"New Zealand",86,NA,-3.29,0.1
1968,"New Zealand",86,NA,-2.77,0.78
1969,"New Zealand",88.9,NA,6.68,0.29
1970,"New Zealand",88.9,NA,3.31,0.09
1971,"New Zealand",88.9,NA,2.71,0.18
1972,"New Zealand",89.1,NA,1.61,0.45
1973,"New Zealand",89.1,NA,9.02,0.17
1974,"New Zealand",89.1,NA,11.31,0.08
1975,"New Zealand",82.5,NA,-5.14,0.25
1976,"New Zealand",82.5,NA,3.25,0.32
1977,"New Zealand",82.5,NA,-1.34,0.32
1978,"New Zealand",83.7,NA,-6.37,1.66
1979,"New Zealand",83.7,NA,1.5,1.94
1980,"New Zealand",83.7,NA,0.39,2.24
1981,"New Zealand",89,NA,4.66,3.6
1982,"New Zealand",89,NA,3.37,3.54
1983,"New Zealand",89,NA,1.11,5.66
1984,"New Zealand",91.7,NA,8.52,5.74
1985,"New Zealand",91.7,NA,1.62,4.18
1986,"New Zealand",91.7,58.56,0.59,4.12
1987,"New Zealand",87.2,53.77,0.72,4.13
1988,"New Zealand",87.2,52.82,2.65,5.63
1989,"New Zealand",87.2,51.61,0.49,7.13
1990,"New Zealand",83.2,52.68,0.67,7.97
1991,"New Zealand",83.2,49.7,-1.9,10.6
1992,"New Zealand",83.2,48.94,0.88,10.62
1993,"New Zealand",82.8,45.24,4.7,9.75
1994,"New Zealand",82.8,42.84,6.21,8.36
1995,"New Zealand",82.8,41.93,4.36,6.43
1996,"New Zealand",88.8,40.83,3.39,6.3
1997,"New Zealand",88.8,41.64,2.88,6.87
1998,"New Zealand",88.8,40.62,0.56,7.7
1999,"New Zealand",84.8,40.24,4.71,7.05
2000,"New Zealand",84.8,38.25,3.74,6.15
2001,"New Zealand",84.8,37.81,2.48,5.43
2002,"New Zealand",77,36.94,4.59,5.27
2003,"New Zealand",77,37.53,4.42,4.77
2004,"New Zealand",77,37.11,4.07,4.03
2005,"New Zealand",77,38.25,3.18,3.83
2006,"New Zealand",77,39.6,2.02,3.83
2007,"New Zealand",77,39.65,3.39,3.68
2008,"New Zealand",75.1,41.87,-0.68,4.16
2009,"New Zealand",75.1,42.85,-0.11,6.16
2010,"New Zealand",75.1,43.2,2.4,6.52
1960,"Norway",78.3,NA,NA,1.2
1961,"Norway",79.1,NA,6.27,0.91
1962,"Norway",79.1,30.57,2.81,1.05
1963,"Norway",79.1,31.92,3.79,1.25
1964,"Norway",79.1,31.95,5.01,1.11
1965,"Norway",85.4,32.95,5.29,0.9
1966,"Norway",85.4,33.45,3.79,0.82
1967,"Norway",85.4,34.9,6.26,0.75
1968,"Norway",85.4,36.21,2.26,1.15
1969,"Norway",83.8,38,4.5,1.07
1970,"Norway",83.8,38.91,2,0.8
1971,"Norway",83.8,40.74,5.13,0.79
1972,"Norway",83.8,42.25,5.09,1.68
1973,"Norway",80.2,42.26,4.41,1.56
1974,"Norway",80.2,42.2,4.19,1.49
1975,"Norway",80.2,43.54,5.23,2.3
1976,"Norway",80.2,45.25,5.86,1.77
1977,"Norway",82.9,46.53,4.27,1.47
1978,"Norway",82.9,47.93,3.49,1.81
1979,"Norway",82.9,47.18,4.36,2
1980,"Norway",82.9,46.13,4.5,1.68
1981,"Norway",82,46.08,1.55,2.06
1982,"Norway",82,46.6,0.13,2.65
1983,"Norway",82,46.36,3.87,3.49
1984,"Norway",82,44.46,5.89,3.2
1985,"Norway",84,44,5.35,2.6
1986,"Norway",84,48.13,4.04,2
1987,"Norway",84,50.47,1.78,2.11
1988,"Norway",84,52.61,-0.17,3.21
1989,"Norway",83.2,52.16,1,5
1990,"Norway",83.2,54.01,1.93,5.32
1991,"Norway",83.2,54.94,3.11,5.55
1992,"Norway",83.2,56.28,3.52,6.01
1993,"Norway",75.8,55.13,2.79,6.06
1994,"Norway",75.8,54.07,5.05,5.47
1995,"Norway",75.8,50.94,4.19,4.97
1996,"Norway",75.8,48.5,5.1,4.88
1997,"Norway",78.3,46.83,5.39,4.07
1998,"Norway",78.3,49.08,2.68,3.23
1999,"Norway",78.3,47.69,2.03,3.25
2000,"Norway",78.3,42.3,3.25,3.48
2001,"Norway",75.5,44.11,1.99,3.59
2002,"Norway",75.5,47.06,1.5,3.9
2003,"Norway",75.5,48.16,0.98,4.54
2004,"Norway",75.5,45.13,3.96,4.48
2005,"Norway",77.4,41.8,2.59,4.64
2006,"Norway",77.4,40.04,2.45,3.46
2007,"Norway",77.4,40.34,2.65,2.53
2008,"Norway",77.4,39.77,0.04,2.6
2009,"Norway",76.4,46.72,-1.67,3.19
2010,"Norway",76.4,45.5,0.68,3.63
1960,"Portugal",NA,NA,NA,1.91
1961,"Portugal",NA,NA,5.47,2.28
1962,"Portugal",NA,NA,6.65,2.55
1963,"Portugal",NA,NA,5.92,2.56
1964,"Portugal",NA,NA,6.57,2.57
1965,"Portugal",NA,NA,7.48,2.64
1966,"Portugal",NA,NA,4.08,2.63
1967,"Portugal",NA,NA,7.54,2.61
1968,"Portugal",NA,NA,8.88,2.65
1969,"Portugal",NA,NA,2.12,2.66
1970,"Portugal",NA,NA,9.11,2.65
1971,"Portugal",NA,NA,6.63,2.63
1972,"Portugal",NA,NA,8.02,2.64
1973,"Portugal",NA,NA,11.2,2.67
1974,"Portugal",NA,NA,1.14,1.78
1975,"Portugal",91.7,NA,-4.35,4.56
1976,"Portugal",83.3,NA,6.9,6.42
1977,"Portugal",83.3,28.33,5.6,7.55
1978,"Portugal",83.3,30.82,2.82,8.13
1979,"Portugal",87.5,30.28,5.64,8.19
1980,"Portugal",85.4,32.68,4.59,7.84
1981,"Portugal",85.4,36.16,1.62,7.55
1982,"Portugal",85.4,35.57,2.14,7.47
1983,"Portugal",78.6,35.47,-0.17,7.92
1984,"Portugal",78.6,35.43,-1.88,8.55
1985,"Portugal",75.4,36.79,2.81,8.67
1986,"Portugal",75.4,37.86,4.14,8.59
1987,"Portugal",72.6,37.14,6.38,7.1
1988,"Portugal",72.6,36.01,7.49,5.77
1989,"Portugal",72.6,36.08,6.44,5.05
1990,"Portugal",72.6,38.86,3.95,4.61
1991,"Portugal",68.2,41.67,4.37,4.32
1992,"Portugal",68.2,42.72,1.09,4.08
1993,"Portugal",68.2,44.23,-2.04,5.48
1994,"Portugal",68.2,42.77,0.96,6.82
1995,"Portugal",66.3,41.88,4.28,7.15
1996,"Portugal",66.3,42.4,3.69,7.23
1997,"Portugal",66.3,41.56,4.41,6.72
1998,"Portugal",66.3,41.44,5.14,4.98
1999,"Portugal",61.8,41.48,4.07,4.43
2000,"Portugal",61.8,41.62,3.92,3.96
2001,"Portugal",61.8,43.16,1.97,4.04
2002,"Portugal",61.5,43.06,0.76,5.03
2003,"Portugal",61.5,44.68,-0.91,6.31
2004,"Portugal",61.5,45.42,1.56,6.69
2005,"Portugal",64.3,46.56,0.78,7.66
2006,"Portugal",64.3,45.22,1.45,7.7
2007,"Portugal",64.3,44.36,2.37,8.03
2008,"Portugal",64.3,44.8,-0.01,7.64
2009,"Portugal",59.7,49.76,-2.91,9.52
2010,"Portugal",59.7,51.26,1.4,10.85
1960,"Spain",NA,NA,NA,1.5
1961,"Spain",NA,NA,12.54,1.48
1962,"Spain",NA,NA,10.01,1.2
1963,"Spain",NA,NA,9.45,1.34
1964,"Spain",NA,20.73,5.27,1.54
1965,"Spain",NA,21.62,6.25,1.51
1966,"Spain",NA,21.41,7.25,1.36
1967,"Spain",NA,22.59,4.34,1.88
1968,"Spain",NA,22.74,6.6,1.93
1969,"Spain",NA,22.77,8.91,1.47
1970,"Spain",NA,23.34,4.25,1.53
1971,"Spain",NA,25.09,4.65,2.01
1972,"Spain",NA,24.38,8.15,3.03
1973,"Spain",NA,24,7.8,2.75
1974,"Spain",NA,24.46,5.62,3.25
1975,"Spain",NA,26.07,0.54,4.69
1976,"Spain",NA,27.3,3.3,4.6
1977,"Spain",77,28.83,2.84,5.23
1978,"Spain",77,30.86,1.46,7
1979,"Spain",68.1,31.81,0.04,8.71
1980,"Spain",68.1,33.91,1.3,11.51
1981,"Spain",68.1,36.67,-0.13,14.16
1982,"Spain",79.8,38.78,1.25,15.99
1983,"Spain",79.8,39.77,1.77,17.45
1984,"Spain",79.8,40.06,1.78,20.21
1985,"Spain",79.8,42.71,2.32,21.6
1986,"Spain",70.6,42.21,3.25,21.13
1987,"Spain",70.6,40.57,5.55,20.33
1988,"Spain",70.6,40.42,5.09,19.34
1989,"Spain",70,41.7,4.83,17.32
1990,"Spain",70,42.87,3.78,16.32
1991,"Spain",70,44.36,2.54,16.4
1992,"Spain",70,45.42,0.93,18.46
1993,"Spain",76.4,49.01,-1.03,22.78
1994,"Spain",76.4,46.75,2.38,24.17
1995,"Spain",76.4,44.46,2.76,22.96
1996,"Spain",77.4,43.23,2.42,22.15
1997,"Spain",77.4,41.65,3.87,20.67
1998,"Spain",77.4,41.09,4.47,18.67
1999,"Spain",77.4,39.93,4.75,15.69
2000,"Spain",68.7,39.19,5.05,13.92
2001,"Spain",68.7,38.66,3.67,10.6
2002,"Spain",68.7,38.91,2.71,11.52
2003,"Spain",68.7,38.41,3.09,11.52
2004,"Spain",75.7,38.89,3.26,11
2005,"Spain",75.7,38.44,3.58,9.19
2006,"Spain",75.7,38.35,4.08,8.54
2007,"Spain",75.7,39.21,3.48,8.29
2008,"Spain",73.9,41.46,0.89,11.38
2009,"Spain",73.9,46.26,-3.74,18.09
2010,"Spain",73.9,45.62,-0.07,20.15
1960,"Sweden",85.9,32.61,NA,1.72
1961,"Sweden",85.9,32.4,5.68,1.49
1962,"Sweden",85.9,33.46,4.26,1.48
1963,"Sweden",85.9,35.82,5.33,1.67
1964,"Sweden",83.9,36.03,6.82,1.56
1965,"Sweden",83.9,36.75,3.82,1.18
1966,"Sweden",83.9,38.8,2.09,1.56
1967,"Sweden",83.9,40.51,3.37,2.12
1968,"Sweden",89.3,42.73,3.64,2.22
1969,"Sweden",89.3,42.84,5.01,1.89
1970,"Sweden",88.3,43.01,6.47,1.51
1971,"Sweden",88.3,45.71,0.94,2.55
1972,"Sweden",88.3,46.18,2.29,2.7
1973,"Sweden",90.8,43.57,3.97,2.46
1974,"Sweden",90.8,45.86,3.2,1.98
1975,"Sweden",90.8,46.28,2.55,1.62
1976,"Sweden",91.8,49.7,1.06,1.71
1977,"Sweden",91.8,56.62,-1.6,1.96
1978,"Sweden",91.8,58.48,1.75,2.46
1979,"Sweden",90.7,59.7,3.84,2.27
1980,"Sweden",90.7,62.65,1.7,2.22
1981,"Sweden",90.7,62.85,-0.2,2.77
1982,"Sweden",91.4,64.97,1.19,3.53
1983,"Sweden",91.4,64.9,1.81,3.89
1984,"Sweden",91.4,62.31,4.27,3.49
1985,"Sweden",89.9,63.18,2.19,3.09
1986,"Sweden",89.9,60.74,2.86,2.89
1987,"Sweden",89.9,58.54,3.46,2.31
1988,"Sweden",86,58.03,2.67,1.88
1989,"Sweden",86,59.97,2.78,1.62
1990,"Sweden",86,59.77,1.01,1.81
1991,"Sweden",86.7,61.14,-1.12,3.26
1992,"Sweden",86.7,69.39,-1.2,5.83
1993,"Sweden",86.7,70.54,-2.06,9.48
1994,"Sweden",86.8,68.34,3.88,9.78
1995,"Sweden",86.8,64.95,4.16,9.22
1996,"Sweden",86.8,62.92,1.63,9.98
1997,"Sweden",86.8,60.66,2.91,10.19
1998,"Sweden",81.4,58.78,4.11,8.47
1999,"Sweden",81.4,58.11,4.4,7.17
2000,"Sweden",81.4,55.09,4.6,5.86
2001,"Sweden",81.4,54.52,1.41,5.06
2002,"Sweden",80.1,55.6,2.5,5.21
2003,"Sweden",80.1,55.67,2.48,5.85
2004,"Sweden",80.1,54.18,3.72,6.63
2005,"Sweden",80.1,53.85,3.15,7.78
2006,"Sweden",82,52.71,4.55,7.07
2007,"Sweden",82,50.95,3.43,6.16
2008,"Sweden",82,51.74,-0.77,6.23
2009,"Sweden",82,54.94,-4.98,8.31
2010,"Sweden",84.6,52.48,5.85,8.38
1960,"Switzerland",68.5,NA,NA,0.05
1961,"Switzerland",68.5,NA,8.35,0.02
1962,"Switzerland",68.5,NA,5.02,0.02
1963,"Switzerland",64.5,NA,4.96,0.03
1964,"Switzerland",64.5,NA,5.1,0.01
1965,"Switzerland",64.5,NA,3.06,0.01
1966,"Switzerland",64.5,NA,2.41,0.01
1967,"Switzerland",63.8,NA,3,0.01
1968,"Switzerland",63.8,NA,3.7,0.01
1969,"Switzerland",63.8,NA,5.61,0.01
1970,"Switzerland",63.8,NA,6.36,0
1971,"Switzerland",56.4,NA,4.08,0
1972,"Switzerland",56.4,NA,3.2,0
1973,"Switzerland",56.4,NA,3.05,0
1974,"Switzerland",56.4,NA,1.45,0.01
1975,"Switzerland",52.4,NA,-7.28,0.32
1976,"Switzerland",52.4,NA,-1.4,0.69
1977,"Switzerland",52.4,NA,2.43,0.39
1978,"Switzerland",52.4,NA,0.41,0.33
1979,"Switzerland",48.1,NA,2.49,0.32
1980,"Switzerland",48.1,NA,4.6,0.19
1981,"Switzerland",48.1,NA,1.6,0.18
1982,"Switzerland",48.1,NA,-1.31,0.4
1983,"Switzerland",48.9,NA,0.64,0.85
1984,"Switzerland",48.9,NA,3.01,1.05
1985,"Switzerland",48.9,NA,3.67,0.89
1986,"Switzerland",48.9,NA,1.86,0.75
1987,"Switzerland",46.2,NA,1.59,0.71
1988,"Switzerland",46.2,NA,3.28,0.61
1989,"Switzerland",46.2,NA,4.33,0.46
1990,"Switzerland",46.2,30.3,3.67,0.47
1991,"Switzerland",46,32.12,-0.95,1.64
1992,"Switzerland",46,34.23,0.1,2.7
1993,"Switzerland",46,35.12,-0.19,3.64
1994,"Switzerland",46,35.19,1.19,3.64
1995,"Switzerland",42.2,35,0.35,3.16
1996,"Switzerland",42.2,35.29,0.63,3.46
1997,"Switzerland",42.2,35.52,2.08,3.93
1998,"Switzerland",42.2,35.77,2.64,3.32
1999,"Switzerland",43.3,34.3,1.31,2.81
2000,"Switzerland",43.3,35.1,3.58,2.54
2001,"Switzerland",43.3,34.78,1.15,2.24
2002,"Switzerland",43.3,36.16,0.44,2.87
2003,"Switzerland",45.2,36.39,-0.2,3.88
2004,"Switzerland",45.2,35.95,2.53,4.15
2005,"Switzerland",45.2,35.27,2.64,4.16
2006,"Switzerland",45.2,33.48,3.63,3.78
2007,"Switzerland",48.3,32.32,3.64,3.42
2008,"Switzerland",48.3,32.37,2.1,3.19
2009,"Switzerland",48.3,34.15,-1.88,4.06
2010,"Switzerland",48.3,34.17,2.71,4.24
1960,"UK",78.7,NA,NA,1.36
1961,"UK",78.7,NA,2.33,1.18
1962,"UK",78.7,NA,1.08,1.65
1963,"UK",78.7,NA,4.3,2.01
1964,"UK",77.2,NA,5.48,1.4
1965,"UK",77.2,NA,2.23,1.19
1966,"UK",76,NA,1.92,1.11
1967,"UK",76,NA,2.47,2.01
1968,"UK",76,NA,4.2,2.17
1969,"UK",76,NA,2.07,2.07
1970,"UK",72.2,40.54,2.24,2.23
1971,"UK",72.2,39.97,2.1,2.8
1972,"UK",72.2,41.58,3.65,3.12
1973,"UK",72.2,42.23,7.2,2.2
1974,"UK",72.9,46.33,-1.31,2.08
1975,"UK",72.9,47.83,-0.62,3.28
1976,"UK",72.9,47.45,2.64,4.91
1977,"UK",72.9,44.71,2.37,5.25
1978,"UK",72.9,44.34,3.23,5.16
1979,"UK",76.3,43.37,2.68,4.69
1980,"UK",76.3,45.59,-2.08,5.71
1981,"UK",76.3,48.94,-1.32,9.07
1982,"UK",76.3,47.87,2.09,10.51
1983,"UK",72.8,47.7,3.62,11.35
1984,"UK",72.8,47.89,2.67,11.88
1985,"UK",72.8,46.47,3.6,11.32
1986,"UK",72.8,45.32,4.01,10.78
1987,"UK",75.4,43.24,4.56,10.85
1988,"UK",75.4,41.11,5.03,8.81
1989,"UK",75.4,40.4,2.28,7.25
1990,"UK",75.4,41.48,0.78,6.86
1991,"UK",75.4,43.24,-1.39,8.4
1992,"UK",77.8,45.25,0.15,9.7
1993,"UK",77.8,45.27,2.22,10.33
1994,"UK",77.8,44.59,4.28,9.61
1995,"UK",77.8,44.08,3.05,8.63
1996,"UK",77.8,42.18,2.89,8.14
1997,"UK",71.6,40.64,3.42,7.05
1998,"UK",71.6,39.52,3.84,6.13
1999,"UK",71.6,38.83,3.66,5.98
2000,"UK",71.6,36.53,4.46,5.5
2001,"UK",59.4,39.81,3.15,4.76
2002,"UK",59.4,40.85,2.66,5.09
2003,"UK",59.4,42.32,3.52,4.86
2004,"UK",59.4,43.05,2.96,4.71
2005,"UK",61.8,43.98,2.09,4.68
2006,"UK",61.8,44.18,2.61,5.42
2007,"UK",61.8,43.93,3.47,5.3
2008,"UK",61.8,47.87,-1.1,5.31
2009,"UK",61.8,51.09,-4.37,7.74
2010,"UK",65.8,50.39,2.09,7.8
1960,"USA",61,28.29,NA,5.53
1961,"USA",61,29.62,2.33,6.69
1962,"USA",47.5,29.71,6.06,5.54
1963,"USA",47.5,29.52,4.37,5.67
1964,"USA",59.7,28.94,5.79,5.18
1965,"USA",59.7,28.44,6.42,4.52
1966,"USA",46.6,29.41,6.51,3.79
1967,"USA",46.6,31.33,2.53,3.85
1968,"USA",56.9,31.63,4.84,3.58
1969,"USA",56.9,31.27,3.11,3.51
1970,"USA",46.1,32.3,0.19,4.94
1971,"USA",46.1,32.49,3.36,5.94
1972,"USA",53.2,32.29,5.31,5.61
1973,"USA",53.2,31.33,5.79,4.88
1974,"USA",37.8,32.68,-0.55,5.61
1975,"USA",37.8,35.14,-0.21,8.46
1976,"USA",51.6,33.97,5.37,7.7
1977,"USA",51.6,33.08,4.6,7.06
1978,"USA",37,32.3,5.58,6.07
1979,"USA",37,32.28,3.12,5.85
1980,"USA",50,34.28,-0.27,7.14
1981,"USA",50,34.65,2.54,7.61
1982,"USA",40.3,36.99,-1.94,9.69
1983,"USA",40.3,37.08,4.52,9.61
1984,"USA",51.2,36.16,7.19,7.52
1985,"USA",51.2,36.92,4.14,7.2
1986,"USA",36.2,37.37,3.46,6.99
1987,"USA",36.2,37.17,3.2,6.19
1988,"USA",48.2,36.28,4.11,5.51
1989,"USA",48.2,36.24,3.57,5.27
1990,"USA",35,37.2,1.88,5.6
1991,"USA",35,37.97,-0.23,6.83
1992,"USA",52.5,38.65,3.39,7.5
1993,"USA",52.5,38.1,2.85,6.92
1994,"USA",38,37.11,4.07,6.1
1995,"USA",38,37.08,2.51,5.6
1996,"USA",46,36.55,3.74,5.4
1997,"USA",46,35.44,4.46,4.94
1998,"USA",35.3,34.62,4.36,4.51
1999,"USA",35.3,34.2,4.74,4.22
2000,"USA",50,33.88,4.14,3.99
2001,"USA",50,34.99,1.08,4.73
2002,"USA",36.3,35.91,1.81,5.78
2003,"USA",36.3,36.31,2.54,5.99
2004,"USA",51.2,36.04,3.47,5.53
2005,"USA",51.2,36.29,3.07,5.08
2006,"USA",35.8,36.07,2.66,4.62
2007,"USA",35.8,36.9,1.91,4.62
2008,"USA",53.2,39.12,-0.34,5.78
2009,"USA",53.2,42.66,-3.49,9.25
2010,"USA",39.8,42.45,3.03,9.63
