Player,Team,Position,Experience,Salary,Rank,Age,GP,GS,MIN,FGM,FGA,Points3,Points3_atts,Points2,Points2_atts,FTM,FTA,OREB,DREB,AST,STL,BLK,TO
Al Horford,BOS,C,9,26540100,4,30,68,68,2193,379,801,86,242,293,559,108,135,95,369,337,52,87,116
Amir Johnson,BOS,PF,11,1.20E+07,6,29,80,77,1608,213,370,27,66,186,304,67,100,117,248,140,52,62,77
Avery Bradley,BOS,SG,6,8269663,5,26,55,55,1835,359,775,108,277,251,498,68,93,65,269,121,68,11,88
Demetrius Jackson,BOS,PG,R,1450000,15,22,5,0,17,3,4,1,1,2,3,3,6,2,2,3,0,0,0
Gerald Green,BOS,SF,9,1410598,11,31,47,0,538,95,232,39,111,56,121,33,41,17,68,33,9,7,25
Isaiah Thomas,BOS,PG,5,6587132,1,27,76,76,2569,682,1473,245,646,437,827,590,649,43,162,449,70,13,210
Jae Crowder,BOS,SF,4,6286408,3,26,72,72,2335,333,720,157,394,176,326,176,217,48,367,155,72,23,79
James Young,BOS,SG,2,1825200,13,21,29,0,220,25,58,12,35,13,23,6,9,6,20,4,10,2,4
Jaylen Brown,BOS,SF,R,4743000,8,20,78,20,1341,192,423,46,135,146,288,85,124,45,175,64,35,18,68
Jonas Jerebko,BOS,PF,6,5.00E+06,10,29,78,6,1232,114,262,45,130,69,132,26,37,60,213,71,26,17,39
Jordan Mickey,BOS,PF,1,1223653,14,22,25,1,141,15,34,0,1,15,33,8,14,13,21,7,3,6,9
Kelly Olynyk,BOS,C,3,3094014,7,25,75,6,1538,260,508,68,192,192,316,90,123,72,288,148,43,29,96
Marcus Smart,BOS,SG,2,3578880,2,22,79,24,2399,269,749,94,332,175,417,203,250,78,228,364,125,34,159
Terry Rozier,BOS,PG,1,1906440,9,22,74,0,1263,151,411,57,179,94,232,51,66,40,187,131,45,11,47
Tyler Zeller,BOS,C,4,8.00E+06,12,27,51,5,525,78,158,0,1,78,157,22,39,43,81,42,7,21,20
Channing Frye,CLE,C,10,7806971,7,33,74,15,1398,238,520,137,335,101,185,63,74,37,253,45,33,37,53
Dahntay Jones,CLE,SF,12,18255,20,36,1,0,12,3,8,0,2,3,6,3,4,1,1,1,0,0,1
Deron Williams,CLE,PG,11,259626,11,32,24,4,486,68,147,22,53,46,94,21,25,1,44,86,6,6,40
Derrick Williams,CLE,PF,5,268029,12,25,25,0,427,54,107,21,52,33,55,27,39,3,54,14,5,2,14
Edy Tavares,CLE,C,1,5145,18,24,1,0,24,3,4,0,0,3,4,0,1,4,6,1,0,6,2
Iman Shumpert,CLE,SG,5,9700000,4,26,76,31,1937,201,489,94,261,107,228,71,90,39,180,109,62,27,78
J.R. Smith,CLE,SG,12,12800000,8,31,41,35,1187,123,356,95,271,28,85,10,15,17,96,62,40,11,26
James Jones,CLE,SF,13,1551659,15,36,48,2,381,44,92,31,66,13,26,13,20,3,35,14,7,10,10
Kay Felder,CLE,PG,R,543471,13,21,42,0,386,62,158,7,22,55,136,35,49,3,38,58,18,7,31
Kevin Love,CLE,PF,8,21165675,5,28,60,60,1885,370,867,145,389,225,478,257,295,148,518,116,53,22,122
Kyle Korver,CLE,SG,13,5239437,9,35,35,1,859,131,269,97,200,34,69,14,15,7,90,35,11,8,29
Kyrie Irving,CLE,PG,5,17638063,2,24,72,72,2525,671,1420,177,441,494,979,297,328,52,178,418,83,25,180
LeBron James,CLE,SF,13,30963450,1,32,74,74,2794,736,1344,124,342,612,1002,358,531,97,543,646,92,44,303
Richard Jefferson,CLE,SF,15,2500000,6,36,79,13,1614,153,343,62,186,91,157,80,108,28,174,78,26,10,52
Tristan Thompson,CLE,C,5,15330435,3,25,78,78,2336,262,437,0,3,262,434,106,213,287,429,77,39,84,64
Bruno Caboclo,TOR,SF,2,1589640,17,21,9,0,40,6,16,2,6,4,10,0,0,5,5,4,2,1,2
Cory Joseph,TOR,SG,5,7330000,4,25,80,22,2003,299,661,48,135,251,526,94,122,52,184,265,66,13,109
Delon Wright,TOR,PG,1,1577280,14,24,27,0,446,49,116,10,30,39,86,42,55,16,32,57,27,11,25
DeMar DeRozan,TOR,SG,7,26540100,1,27,74,74,2620,721,1545,33,124,688,1421,545,647,70,316,290,78,13,180
DeMarre Carroll,TOR,SF,7,14200000,5,30,72,72,1882,220,549,109,320,111,229,89,117,63,212,74,81,27,54
Fred VanVleet,TOR,PG,R,543471,15,22,37,0,294,39,111,11,29,28,82,18,22,4,38,35,17,2,15
Jakob Poeltl,TOR,C,R,2703960,12,21,54,4,626,67,115,0,0,67,115,31,57,78,87,12,18,20,29
Jonas Valanciunas,TOR,C,4,14382022,3,24,80,80,2066,391,702,1,2,390,700,176,217,226,533,57,37,63,106
Kyle Lowry,TOR,PG,10,1.20E+07,2,30,60,60,2244,426,918,193,468,233,450,299,365,48,239,417,88,19,173
Lucas Nogueira,TOR,C,2,1921320,9,24,57,6,1088,103,156,3,12,100,144,44,67,82,161,42,52,90,46
Norman Powell,TOR,SG,1,874636,7,23,76,18,1368,227,506,56,173,171,333,126,159,26,142,82,51,14,70
P.J. Tucker,TOR,SF,5,5300000,13,31,24,4,609,52,128,24,60,28,68,11,16,23,106,26,31,5,14
Pascal Siakam,TOR,PF,R,1196040,10,22,55,38,859,103,205,1,7,102,198,22,32,64,122,17,26,45,33
Patrick Patterson,TOR,PF,6,6050000,6,27,65,8,1599,154,384,94,253,60,131,43,60,62,229,76,40,23,38
Serge Ibaka,TOR,PF,7,12250000,11,27,23,23,712,128,279,41,103,87,176,30,34,29,127,15,7,33,39
Bojan Bogdanovic,WAS,SF,2,3730653,10,27,26,0,601,107,234,45,115,62,119,71,76,14,66,21,10,4,38
Bradley Beal,WAS,SG,4,22116750,2,23,77,77,2684,637,1322,223,552,414,770,282,342,53,186,267,83,21,157
Brandon Jennings,WAS,PG,7,1200000,13,27,23,2,374,29,106,11,52,18,54,12,17,8,36,108,15,0,22
Chris McCullough,WAS,PF,1,1191480,17,21,2,0,8,0,1,0,1,0,0,1,2,0,2,0,1,0,1
Daniel Ochefu,WAS,C,R,543471,16,23,19,0,75,12,27,0,0,12,27,0,2,5,17,3,2,0,3
Ian Mahinmi,WAS,C,8,15944154,12,30,31,0,555,65,111,0,0,65,111,43,75,47,103,19,33,24,34
Jason Smith,WAS,C,8,5.00E+06,7,30,74,3,1068,174,329,37,78,137,251,35,51,64,194,37,21,55,58
John Wall,WAS,PG,6,16957900,1,26,78,78,2836,647,1435,89,272,558,1163,422,527,58,268,831,157,49,323
Marcin Gortat,WAS,C,9,1.20E+07,4,32,82,82,2556,390,674,0,2,390,672,103,159,238,611,121,40,65,118
Markieff Morris,WAS,PF,5,7400000,5,27,76,76,2374,406,889,71,196,335,693,180,215,107,385,126,82,42,129
Otto Porter,WAS,SF,3,5893981,3,23,80,80,2605,414,803,148,341,266,462,99,119,118,397,121,116,41,43
Sheldon McClellan,WAS,SG,R,543471,14,24,30,3,287,30,75,7,30,23,45,23,27,4,30,15,8,2,5
Tomas Satoransky,WAS,SG,R,2870813,8,25,57,3,719,61,146,9,37,52,109,23,33,25,58,92,26,6,38
Trey Burke,WAS,PG,3,3386598,9,24,57,0,703,116,255,31,70,85,185,22,29,7,40,100,11,5,48
DeAndre' Bembry,ATL,SF,R,1499760,14,22,38,1,371,47,98,1,18,46,80,6,16,14,45,28,8,5,16
Dennis Schroder,ATL,PG,3,2708582,1,23,79,78,2485,548,1215,100,294,448,921,218,255,42,206,499,74,16,258
Dwight Howard,ATL,C,12,23180275,3,31,74,74,2199,388,613,0,2,388,611,226,424,296,644,104,64,92,170
Ersan Ilyasova,ATL,PF,8,8400000,12,29,26,12,633,93,226,32,92,61,134,52,65,42,109,43,22,8,34
Jose Calderon,ATL,PG,11,392478,15,35,17,2,247,23,57,8,30,15,27,7,8,7,25,37,4,0,15
Kent Bazemore,ATL,SF,4,15730338,5,27,73,64,1963,295,721,92,266,203,455,119,168,45,186,177,91,52,125
Kris Humphries,ATL,PF,12,4.00E+06,11,31,56,4,689,87,214,19,54,68,160,64,82,60,146,29,15,21,28
Malcolm Delaney,ATL,PG,R,2500000,7,27,73,2,1248,145,388,26,110,119,278,75,93,11,113,193,39,1,95
Mike Dunleavy,ATL,SF,14,4837500,13,36,30,0,475,57,130,33,77,24,53,22,26,13,55,30,9,5,14
Mike Muscala,ATL,C,3,1015696,8,25,70,3,1237,170,337,46,110,124,227,49,64,76,164,95,30,41,55
Paul Millsap,ATL,PF,10,20072033,2,31,69,67,2343,430,972,75,241,355,731,311,405,111,422,252,90,62,158
Ryan Kelly,ATL,PF,3,418228,17,25,16,0,110,8,28,4,10,4,18,5,6,1,17,8,4,5,4
Thabo Sefolosha,ATL,SF,10,3850000,6,32,62,42,1596,174,395,41,120,133,275,55,75,54,216,107,96,31,58
Tim Hardaway,ATL,SG,3,2281605,4,24,79,30,2154,415,912,149,417,266,495,164,214,35,189,182,55,15,106
Giannis Antetokounmpo,MIL,SF,3,2995421,1,22,80,80,2845,656,1259,49,180,607,1079,471,612,142,558,434,131,151,234
Greg Monroe,MIL,C,6,17100000,5,26,81,0,1823,387,726,0,4,387,722,177,239,167,365,187,92,38,140
Jabari Parker,MIL,PF,2,5374320,6,21,51,50,1728,399,814,65,178,334,636,162,218,79,235,142,51,22,92
Jason Terry,MIL,SG,17,1551659,7,39,74,0,1365,105,243,73,171,32,72,24,29,15,91,98,45,20,36
John Henson,MIL,C,4,12517606,9,26,58,39,1123,159,309,0,1,159,308,74,107,92,203,57,29,78,53
Khris Middleton,MIL,SF,4,15200000,11,25,29,23,889,150,333,45,104,105,229,81,92,11,112,99,41,7,65
Malcolm Brogdon,MIL,SG,R,925000,4,24,75,28,1982,290,635,78,193,212,442,109,126,47,166,317,84,12,113
Matthew Dellavedova,MIL,PG,3,9607500,3,26,76,54,1986,208,534,79,215,129,319,82,96,24,123,357,53,0,133
Michael Beasley,MIL,PF,8,1403611,10,28,56,6,935,216,406,18,43,198,363,78,105,40,153,53,28,27,66
Mirza Teletovic,MIL,PF,4,10500000,8,31,70,2,1133,156,418,104,305,52,113,35,45,11,151,48,12,13,37
Rashad Vaughn,MIL,SG,1,1811040,13,20,41,2,458,57,156,26,81,31,75,2,5,4,45,23,19,10,14
Spencer Hawes,MIL,PF,9,6348759,15,28,19,0,171,30,59,9,26,21,33,14,18,6,39,19,2,4,9
Thon Maker,MIL,C,R,2568600,12,19,57,34,562,83,181,28,74,55,107,32,49,40,74,23,10,26,17
Tony Snell,MIL,SG,3,2368327,2,25,80,80,2336,246,541,144,355,102,186,47,58,22,226,96,54,14,55
Aaron Brooks,IND,PG,8,2700000,9,32,65,0,894,121,300,48,128,73,172,32,40,18,51,125,25,9,66
Al Jefferson,IND,C,12,10230179,8,32,66,1,931,235,471,0,1,235,470,65,85,75,203,57,19,16,33
C.J. Miles,IND,SF,11,4583450,6,29,76,29,1776,281,647,169,409,112,238,84,93,30,199,48,46,25,40
Georges Niang,IND,PF,R,650000,16,23,23,0,93,9,36,1,12,8,24,2,2,2,15,5,3,0,5
Jeff Teague,IND,PG,7,8800000,2,28,82,82,2657,402,909,90,252,312,657,360,415,33,298,639,100,32,216
Joe Young,IND,PG,1,1052342,14,24,33,0,135,26,72,5,23,21,49,11,15,1,16,15,4,0,5
Kevin Seraphin,IND,PF,6,1800000,12,27,49,3,559,109,198,0,2,109,196,14,22,41,101,23,7,20,29
Lance Stephenson,IND,SG,6,4.00E+06,15,26,6,0,132,18,44,5,8,13,36,2,3,1,23,25,3,2,11
Lavoy Allen,IND,PF,5,4.00E+06,10,27,61,5,871,77,168,0,1,77,167,23,33,105,115,57,18,24,29
Monta Ellis,IND,SG,11,10770000,5,31,74,33,1998,247,557,43,135,204,422,93,128,19,185,236,79,27,135
Myles Turner,IND,C,1,2463840,3,20,81,81,2541,444,869,40,115,404,754,245,303,139,448,106,74,173,105
Paul George,IND,SF,6,18314532,1,26,75,75,2689,622,1349,195,496,427,853,336,374,58,434,251,117,27,218
Rakeem Christmas,IND,PF,1,1052342,13,25,29,0,219,19,43,0,0,19,43,21,29,26,30,4,3,6,8
Thaddeus Young,IND,PF,9,14153652,4,28,74,74,2237,362,687,45,118,317,569,45,86,131,318,122,114,30,96
Anthony Morrow,CHI,SG,8,3488000,17,31,9,0,87,12,29,6,14,6,15,11,11,1,1,6,2,0,0
Bobby Portis,CHI,PF,1,1453680,10,21,64,13,1000,183,375,32,96,151,279,39,59,75,220,35,16,11,37
Cameron Payne,CHI,PG,1,2112480,16,22,11,0,142,21,63,11,34,10,29,1,4,1,16,15,4,0,13
Cristiano Felicio,CHI,C,1,874636,8,24,66,0,1040,128,222,0,0,128,222,60,93,124,187,40,25,16,33
Denzel Valentine,CHI,SG,R,2092200,11,23,57,0,976,102,288,73,208,29,80,14,18,11,140,63,30,7,49
Dwyane Wade,CHI,SG,13,23200000,4,35,60,59,1792,414,955,45,145,369,810,223,281,64,207,229,86,41,138
Isaiah Canaan,CHI,SG,3,1015696,14,25,39,0,592,63,173,25,94,38,79,30,33,6,43,37,22,1,20
Jerian Grant,CHI,PG,1,1643040,9,24,63,28,1028,128,301,49,134,79,167,65,73,17,94,120,47,8,44
Jimmy Butler,CHI,SF,5,17552209,1,27,76,75,2809,570,1252,91,248,479,1004,585,676,128,342,417,143,32,159
Joffrey Lauvergne,CHI,C,2,1709720,15,25,20,1,241,37,92,6,20,31,72,9,15,21,47,19,7,0,16
Michael Carter-Williams,CHI,PG,3,3183526,12,25,45,19,846,112,306,15,64,97,242,58,77,24,128,113,38,23,66
Nikola Mirotic,CHI,PF,2,5782450,5,25,70,15,1679,258,625,129,377,129,248,99,128,61,323,75,53,56,79
Paul Zipser,CHI,SF,R,750000,13,22,44,18,843,88,221,33,99,55,122,31,40,15,110,36,15,16,40
Rajon Rondo,CHI,PG,10,1.40E+07,3,30,69,42,1843,229,561,50,133,179,428,30,50,73,282,461,99,11,168
Robin Lopez,CHI,C,8,13219250,2,28,81,81,2271,382,775,0,2,382,773,75,104,244,276,80,18,117,90
Dion Waiters,MIA,SG,4,2898000,8,25,46,43,1384,281,663,85,215,196,448,82,127,18,136,200,41,20,103
Goran Dragic,MIA,PG,8,15890000,2,30,73,73,2459,534,1124,117,289,417,835,298,377,61,217,423,89,13,212
Hassan Whiteside,MIA,C,4,22116750,1,27,77,77,2513,542,973,0,0,542,973,225,358,293,795,57,56,161,154
James Johnson,MIA,PF,7,4.00E+06,4,29,76,5,2085,368,769,87,256,281,513,152,215,66,309,276,76,86,171
Josh McRoberts,MIA,PF,9,5782450,13,29,22,14,381,44,118,13,31,31,87,6,9,23,51,50,10,4,23
Josh Richardson,MIA,SG,1,874636,6,23,53,34,1614,202,513,75,227,127,286,60,77,35,133,140,60,39,65
Justise Winslow,MIA,SF,1,2593440,11,20,18,15,625,80,225,7,35,73,190,29,47,23,71,66,27,6,33
Luke Babbitt,MIA,SF,6,1227000,9,27,68,55,1065,113,281,87,210,26,71,11,15,13,129,36,21,11,25
Okaro White,MIA,PF,R,210995,12,24,35,0,471,33,87,12,34,21,53,20,22,25,57,21,10,10,18
Rodney McGruder,MIA,SG,R,543471,5,25,78,65,1966,190,460,73,220,117,240,44,71,95,162,124,45,18,56
Tyler Johnson,MIA,PG,2,5628000,3,24,73,0,2178,357,824,93,250,264,574,195,254,50,243,233,84,44,90
Udonis Haslem,MIA,C,13,4.00E+06,15,36,17,0,130,11,23,0,3,11,20,9,15,8,28,6,5,1,8
Wayne Ellington,MIA,SG,7,6.00E+06,7,29,62,13,1500,231,555,149,394,82,161,37,43,18,115,70,35,4,30
Willie Reed,MIA,C,1,1015696,10,26,71,5,1031,162,285,1,4,161,281,49,88,129,203,26,18,47,31
Andre Drummond,DET,C,4,22116750,4,23,81,81,2409,483,911,2,7,481,904,137,355,345,771,89,124,89,152
Aron Baynes,DET,C,4,6500000,9,30,75,2,1163,143,279,0,0,143,279,79,94,111,222,32,17,39,50
Beno Udrih,DET,PG,12,1551659,10,34,39,0,560,92,197,11,32,81,165,32,34,6,51,131,13,0,37
Boban Marjanovic,DET,C,1,7.00E+06,13,28,35,0,293,72,132,0,0,72,132,47,58,46,84,9,6,12,10
Darrun Hilliard,DET,SG,1,874060,12,23,39,1,381,47,126,12,46,35,80,21,28,2,31,33,11,2,28
Henry Ellenson,DET,PF,R,1704120,14,20,19,2,146,23,64,10,35,13,29,4,8,8,33,7,1,1,14
Ish Smith,DET,PG,6,6.00E+06,5,28,81,32,1955,329,749,28,105,301,644,72,102,21,214,418,61,33,112
Jon Leuer,DET,PF,5,10991957,6,27,75,34,1944,310,646,49,167,261,479,98,113,102,300,111,31,26,66
Kentavious Caldwell-Pope,DET,SG,3,3678319,3,23,76,75,2529,370,928,153,437,217,491,154,185,55,193,193,89,12,86
Marcus Morris,DET,SF,5,4625000,2,27,79,79,2565,421,1007,118,357,303,650,145,185,77,289,160,52,25,87
Michael Gbinije,DET,SG,R,650000,15,24,9,0,32,1,10,0,4,1,6,2,2,2,1,2,0,0,0
Reggie Bullock,DET,SF,3,2255644,11,25,31,5,467,54,128,28,73,26,55,5,7,13,51,29,18,3,10
Reggie Jackson,DET,PG,5,14956522,7,26,52,50,1424,284,677,66,184,218,493,118,136,21,92,270,35,5,114
Stanley Johnson,DET,SF,1,2969880,8,20,77,1,1371,129,365,45,154,84,211,36,53,36,153,105,56,24,71
Tobias Harris,DET,PF,5,17200000,1,24,82,48,2567,511,1063,109,314,402,749,190,226,63,353,142,60,39,95
Brian Roberts,CHO,PG,4,1050961,12,31,41,2,416,46,122,17,44,29,78,33,39,5,34,52,9,1,26
Briante Weber,CHO,PG,1,102898,15,24,13,0,159,20,46,1,7,19,39,9,13,8,14,16,9,0,5
Christian Wood,CHO,PF,1,874636,16,21,13,0,107,12,23,0,5,12,18,11,15,14,15,2,3,6,7
Cody Zeller,CHO,PF,3,5318313,7,24,62,58,1725,253,443,0,1,253,442,133,196,135,270,99,62,58,65
Frank Kaminsky,CHO,C,1,2730000,5,23,75,16,1954,320,802,116,354,204,448,118,156,57,279,162,47,34,76
Jeremy Lamb,CHO,SG,4,6511628,8,24,62,5,1143,226,491,41,146,185,345,110,129,30,234,75,27,23,40
Johnny O'Bryant,CHO,PF,2,161483,17,23,4,0,34,8,15,1,3,7,12,1,2,4,4,4,0,0,3
Kemba Walker,CHO,PG,5,1.20E+07,1,26,79,79,2739,643,1449,240,602,403,847,304,359,45,263,435,85,22,168
Marco Belinelli,CHO,SG,9,6333333,6,30,74,0,1778,264,615,102,283,162,332,150,168,14,164,147,44,9,70
Marvin Williams,CHO,PF,11,12250000,4,30,76,76,2295,297,704,124,354,173,350,131,150,89,409,106,58,53,60
Michael Kidd-Gilchrist,CHO,SF,4,1.30E+07,3,23,81,81,2349,295,618,1,9,294,609,152,194,156,409,114,81,77,56
Miles Plumlee,CHO,C,4,12500000,14,28,13,0,174,14,24,0,0,14,24,3,4,15,27,3,7,4,8
Nicolas Batum,CHO,SG,8,20869566,2,28,77,77,2617,393,975,135,405,258,570,243,284,46,435,455,86,29,194
Ramon Sessions,CHO,PG,9,6.00E+06,9,30,50,1,811,100,263,21,62,79,201,91,118,11,62,129,26,3,46
Treveon Graham,CHO,SG,R,543471,13,23,27,1,189,19,40,9,15,10,25,10,15,5,17,6,6,1,3
Carmelo Anthony,NYK,SF,13,24559380,1,32,74,74,2538,602,1389,151,421,451,968,304,365,62,374,213,60,34,153
Chasson Randle,NYK,PG,R,143860,15,23,18,0,225,28,72,10,32,18,40,29,31,6,21,28,6,1,16
Courtney Lee,NYK,SG,8,11242000,2,31,77,74,2459,321,704,108,269,213,435,85,98,53,207,179,81,23,69
Derrick Rose,NYK,PG,7,21323250,4,28,64,64,2082,460,977,13,60,447,917,221,253,66,180,283,44,17,147
Joakim Noah,NYK,C,9,1.70E+07,10,31,46,46,1015,99,201,0,1,99,200,34,78,161,241,103,30,37,58
Justin Holiday,NYK,SG,3,1015696,5,27,82,4,1639,233,538,97,273,136,265,66,80,27,198,102,65,31,66
Kristaps Porzingis,NYK,PF,1,4317720,3,21,66,65,2164,443,985,112,314,331,671,198,252,111,364,97,47,130,118
Kyle O'Quinn,NYK,C,4,3900000,8,26,79,8,1229,215,413,2,17,213,396,64,83,157,282,117,36,104,76
Lance Thomas,NYK,PF,5,6191000,11,28,46,15,968,97,244,38,85,59,159,43,51,32,110,35,21,5,25
Marshall Plumlee,NYK,C,R,543471,16,24,21,1,170,16,30,0,0,16,30,8,19,23,28,10,4,4,12
Maurice Ndour,NYK,PF,R,543471,14,24,32,4,331,39,86,1,7,38,79,19,26,22,42,8,15,8,12
Mindaugas Kuzminskas,NYK,SF,R,2898000,9,27,68,5,1016,158,369,54,168,104,201,55,68,47,79,69,29,11,51
Ron Baker,NYK,SG,R,543471,12,23,52,13,857,82,217,23,86,59,131,28,43,12,86,107,34,8,56
Sasha Vujacic,NYK,SG,9,1410598,13,32,42,4,408,42,136,23,74,19,62,17,24,12,47,52,13,2,16
Willy Hernangomez,NYK,C,R,1375000,7,22,72,22,1324,246,465,4,15,242,450,91,125,170,332,96,41,36,100
Aaron Gordon,ORL,SF,2,4351320,2,21,80,72,2298,393,865,77,267,316,598,156,217,116,289,150,64,40,89
Bismack Biyombo,ORL,C,5,1.70E+07,5,24,81,27,1793,179,339,0,0,179,339,125,234,157,410,74,25,91,95
C.J. Watson,ORL,PG,9,5.00E+06,9,32,62,9,1012,96,248,32,105,64,143,57,66,16,73,114,43,2,47
D.J. Augustin,ORL,PG,8,7250000,7,29,78,20,1538,195,517,95,274,100,243,131,161,15,102,209,31,1,90
Damjan Rudez,ORL,SF,2,980431,13,30,45,0,314,31,88,20,64,11,24,0,0,5,20,20,12,1,9
Elfrid Payton,ORL,PG,2,2613600,1,22,82,58,2412,430,912,40,146,390,766,146,211,89,298,529,88,40,178
Evan Fournier,ORL,SG,4,1.70E+07,3,24,68,66,2234,408,930,128,360,280,570,223,277,44,165,202,66,4,141
Jeff Green,ORL,PF,8,1.50E+07,8,30,69,11,1534,220,558,53,193,167,365,145,168,39,175,81,37,13,75
Jodie Meeks,ORL,SG,7,6540000,12,29,36,10,738,103,256,56,137,47,119,65,74,5,72,45,34,4,36
Marcus Georges-Hunt,ORL,SG,R,31969,16,22,5,0,48,2,7,1,2,1,5,9,10,1,8,3,1,0,2
Mario Hezonja,ORL,SF,1,3909840,10,21,65,2,960,117,330,43,144,74,186,40,50,20,126,62,30,14,58
Nikola Vucevic,ORL,C,5,11750000,4,26,75,55,2163,483,1031,23,75,460,956,107,160,176,603,208,77,74,117
Patricio Garino,ORL,SG,R,31969,17,23,5,0,43,0,7,0,5,0,2,0,0,1,6,0,0,0,3
Stephen Zimmerman,ORL,C,R,950000,14,20,19,0,108,10,31,0,0,10,31,3,5,11,24,4,2,5,3
Terrence Ross,ORL,SF,4,1.00E+07,11,25,24,24,748,115,267,46,135,69,132,23,27,4,64,43,34,13,35
Alex Poythress,PHI,PF,R,31969,16,23,6,1,157,25,54,6,19,19,35,8,10,11,18,5,3,2,3
Dario Saric,PHI,PF,R,2318280,3,22,81,36,2129,381,927,106,341,275,586,172,220,112,402,182,57,30,183
Gerald Henderson,PHI,SG,7,9.00E+06,5,29,72,41,1667,234,553,61,173,173,380,133,165,34,151,112,41,15,62
Jahlil Okafor,PHI,C,1,4788840,10,21,50,33,1134,242,471,0,0,242,471,106,158,81,159,58,20,49,91
Jerryd Bayless,PHI,PG,8,9424084,19,28,3,1,71,11,32,2,5,9,27,9,10,3,9,13,0,0,9
Joel Embiid,PHI,C,R,4826160,11,22,31,31,786,200,429,36,98,164,331,191,244,61,182,66,27,76,117
Justin Anderson,PHI,SF,1,1514160,14,23,24,8,518,75,162,21,72,54,90,32,41,30,66,34,13,7,26
Nik Stauskas,PHI,SG,2,2993040,1,23,80,27,2188,251,634,132,359,119,275,122,150,21,205,188,46,32,128
Richaun Holmes,PHI,C,1,1025831,8,23,57,17,1193,230,412,27,77,203,335,72,103,94,217,58,42,55,55
Robert Covington,PHI,SF,3,1015696,4,26,67,67,2119,292,732,137,412,155,320,143,174,92,344,102,127,69,131
Sergio Rodriguez,PHI,PG,4,8.00E+06,6,30,68,30,1518,210,536,92,252,118,284,18,27,21,136,344,48,4,128
Shawn Long,PHI,C,R,89513,15,24,18,0,234,61,109,7,19,54,90,19,35,41,44,13,9,9,13
T.J. McConnell,PHI,PG,1,874636,2,24,81,51,2133,236,512,11,55,225,457,73,90,39,212,534,133,10,159
Tiago Splitter,PHI,C,6,8550000,17,32,8,0,76,14,31,2,6,12,25,9,11,8,14,4,1,1,6
Timothe Luwawu-Cabarrot,PHI,SF,R,1326960,9,21,69,19,1190,145,361,50,161,95,200,105,123,25,123,75,32,10,73
Andrew Nicholson,BRK,PF,4,6088993,19,27,10,0,111,13,34,2,11,11,23,2,2,4,23,3,5,0,6
Archie Goodwin,BRK,SG,3,119494,17,22,12,0,184,34,61,4,13,30,48,23,32,7,21,23,4,4,14
Brook Lopez,BRK,C,8,21165675,1,28,75,75,2222,555,1172,134,387,421,785,295,364,121,282,176,38,124,184
Caris LeVert,BRK,SF,R,1562280,9,22,57,26,1237,171,380,59,184,112,196,67,93,23,165,110,49,8,59
Isaiah Whitehead,BRK,PG,R,1074145,5,21,73,26,1643,204,508,44,149,160,359,91,113,32,152,192,42,36,142
Jeremy Lin,BRK,PG,6,11483254,12,28,36,33,883,175,400,58,156,117,244,115,141,11,124,184,41,14,86
Joe Harris,BRK,SG,2,980431,11,25,52,11,1138,154,362,85,221,69,141,35,49,16,131,54,30,8,55
Justin Hamilton,BRK,C,2,3.00E+06,10,26,64,7,1177,174,379,55,181,119,198,39,52,71,191,55,29,43,43
K.J. McDaniels,BRK,SF,2,3333333,15,23,20,0,293,46,101,11,39,35,62,23,28,9,43,9,12,10,19
Quincy Acy,BRK,PF,4,1790902,13,26,32,1,510,65,153,36,83,29,70,43,57,18,89,18,14,15,19
Randy Foye,BRK,SG,10,2500000,8,33,69,40,1284,118,325,67,203,51,122,54,63,9,146,135,35,9,80
Rondae Hollis-Jefferson,BRK,SF,1,1395600,2,22,78,50,1761,235,542,15,67,220,475,190,253,96,356,154,82,44,116
Sean Kilpatrick,BRK,SG,2,980431,4,27,70,24,1754,305,735,105,308,200,427,204,242,22,258,157,46,6,136
Spencer Dinwiddie,BRK,PG,2,726672,7,23,59,18,1334,134,302,38,101,96,201,126,159,27,137,185,44,23,66
Trevor Booker,BRK,PF,6,9250000,3,29,71,43,1754,305,591,25,78,280,513,74,110,142,428,138,76,28,127
Andre Iguodala,GSW,SF,12,11131368,5,33,76,0,1998,219,415,64,177,155,238,72,102,51,253,262,76,39,58
Damian Jones,GSW,C,R,1171560,16,21,10,0,85,8,16,0,0,8,16,3,10,9,14,0,1,4,6
David West,GSW,C,13,1551659,10,36,68,0,854,135,252,3,8,132,244,43,56,47,156,151,42,48,78
Draymond Green,GSW,PF,4,15330435,3,26,76,76,2471,272,650,81,263,191,387,151,213,98,501,533,154,106,184
Ian Clark,GSW,SG,3,1015696,8,25,77,0,1137,211,433,61,163,150,270,44,58,22,100,90,39,8,55
James Michael McAdoo,GSW,PF,2,980431,12,24,52,2,457,62,117,2,8,60,109,21,42,34,56,17,18,29,19
JaVale McGee,GSW,C,8,1403611,11,29,77,10,739,208,319,0,4,208,315,56,111,100,144,17,19,67,40
Kevin Durant,GSW,SF,9,26540100,4,28,62,62,2070,551,1026,117,312,434,714,336,384,39,474,300,66,99,138
Kevon Looney,GSW,C,1,1182840,13,20,53,4,447,56,107,2,9,54,98,21,34,44,80,29,14,17,17
Klay Thompson,GSW,SG,5,16663575,1,26,78,78,2649,644,1376,268,647,376,729,186,218,49,236,160,66,40,128
Matt Barnes,GSW,SF,13,383351,14,36,20,5,410,38,90,18,52,20,38,20,23,15,76,45,12,9,24
Patrick McCaw,GSW,SG,R,543471,9,21,71,20,1074,106,245,41,123,65,122,29,37,22,79,77,32,15,36
Shaun Livingston,GSW,PG,11,5782450,6,31,76,3,1345,173,316,1,3,172,313,42,60,28,123,139,38,20,61
Stephen Curry,GSW,PG,7,12112359,2,28,79,79,2638,675,1443,324,789,351,654,325,362,61,292,523,143,17,239
Zaza Pachulia,GSW,C,13,2898000,7,32,70,70,1268,164,307,0,2,164,305,98,126,140,270,132,59,33,88
Bryn Forbes,SAS,SG,R,543471,14,23,36,0,285,36,99,17,53,19,46,5,6,2,21,23,1,0,11
Danny Green,SAS,SG,7,1.00E+07,3,29,68,68,1807,176,449,118,311,58,138,27,32,31,193,124,71,58,76
David Lee,SAS,PF,11,1551659,7,33,79,10,1477,248,420,0,0,248,420,80,113,148,292,124,31,40,82
Davis Bertans,SAS,PF,R,543471,12,24,67,6,808,103,234,69,173,34,61,28,34,22,77,46,20,28,32
Dejounte Murray,SAS,PG,R,1180080,13,20,38,8,322,50,116,9,23,41,93,21,30,6,36,48,8,6,38
Dewayne Dedmon,SAS,C,3,2898000,9,27,76,37,1330,161,259,0,0,161,259,65,93,129,366,44,37,61,61
Joel Anthony,SAS,C,9,165952,16,34,19,0,122,10,16,0,0,10,16,5,8,8,23,3,2,6,4
Jonathon Simmons,SAS,SG,1,874636,8,27,78,8,1392,177,421,30,102,147,319,99,132,20,140,126,47,25,76
Kawhi Leonard,SAS,SF,5,17638063,1,25,74,74,2474,636,1311,147,386,489,925,469,533,80,350,260,132,55,154
Kyle Anderson,SAS,SG,2,1192080,11,23,72,14,1020,93,209,15,40,78,169,45,57,33,175,91,51,26,39
LaMarcus Aldridge,SAS,PF,10,20575005,2,31,72,72,2335,500,1049,23,56,477,993,220,271,174,350,139,46,89,98
Manu Ginobili,SAS,SG,14,1.40E+07,10,39,69,0,1291,171,439,89,227,82,212,86,107,28,129,183,82,16,96
Patty Mills,SAS,PG,7,3578948,4,28,80,8,1754,273,622,147,356,126,266,66,80,24,118,280,65,3,101
Pau Gasol,SAS,C,15,15500000,5,36,64,39,1627,303,604,56,104,247,500,130,184,107,394,150,24,70,81
Tony Parker,SAS,PG,15,14445313,6,34,63,63,1587,265,569,23,69,242,500,85,117,9,104,285,33,2,89
Bobby Brown,HOU,PG,2,680534,15,32,25,0,123,23,60,14,35,9,25,2,2,0,6,14,1,0,5
Chinanu Onuaku,HOU,C,R,543471,16,20,5,1,52,5,7,0,0,5,7,4,4,2,8,3,3,1,4
Clint Capela,HOU,C,2,1296240,6,22,65,59,1551,362,563,0,0,362,563,94,177,178,348,64,34,80,87
Eric Gordon,HOU,SG,8,12385364,3,28,75,15,2323,412,1016,246,661,166,355,147,175,29,172,188,48,40,121
Isaiah Taylor,HOU,PG,R,255000,17,22,4,0,52,1,7,0,2,1,5,1,2,1,2,3,1,1,0
James Harden,HOU,PG,7,26540100,1,27,81,81,2947,674,1533,262,756,412,777,746,881,95,564,906,120,37,464
Kyle Wiltjer,HOU,PF,R,543471,18,24,14,0,44,4,14,4,13,0,1,1,2,4,6,2,3,1,5
Lou Williams,HOU,SG,11,7.00E+06,11,30,23,0,591,102,264,41,129,61,135,98,113,12,58,56,15,9,40
Montrezl Harrell,HOU,C,1,1.00E+06,9,23,58,14,1064,225,345,1,7,224,338,76,121,81,138,64,20,42,44
Patrick Beverley,HOU,SG,4,6.00E+06,5,28,67,67,2058,228,543,110,288,118,255,73,95,95,299,281,99,25,100
Ryan Anderson,HOU,PF,8,18735364,4,28,72,72,2116,323,773,204,506,119,267,129,150,112,218,68,32,14,55
Sam Dekker,HOU,SF,1,1720560,7,22,77,2,1419,203,429,60,187,143,242,38,68,94,190,76,38,21,41
Trevor Ariza,HOU,SF,12,7806971,2,31,80,80,2773,326,798,191,555,135,243,93,126,54,405,175,147,20,74
Troy Williams,HOU,SF,R,150000,14,22,6,3,139,22,44,8,21,14,23,6,7,9,15,6,3,1,6
Alan Anderson,LAC,SF,7,1315448,12,34,30,0,308,30,80,14,44,16,36,12,16,3,21,11,3,0,7
Austin Rivers,LAC,SG,4,1.10E+07,5,24,74,29,2054,323,731,111,299,212,432,132,191,20,141,204,48,10,115
Blake Griffin,LAC,PF,6,20140838,4,27,61,61,2076,479,971,38,113,441,858,320,421,111,385,300,58,23,142
Brandon Bass,LAC,PF,11,1551659,11,31,52,0,577,107,186,1,3,106,183,77,88,43,86,21,14,11,29
Brice Johnson,LAC,PF,R,1273920,15,22,3,0,9,2,7,0,0,2,7,0,0,1,2,1,2,1,1
Chris Paul,LAC,PG,11,22868828,6,31,61,61,1921,374,785,124,302,250,483,232,260,41,263,563,118,8,147
DeAndre Jordan,LAC,C,8,21165675,1,28,81,81,2570,412,577,0,2,412,575,205,425,297,817,96,52,135,116
Diamond Stone,LAC,C,R,543471,14,19,7,0,24,3,13,0,0,3,13,4,4,1,5,0,0,1,2
J.J. Redick,LAC,SG,10,7377500,2,32,78,78,2198,396,890,201,468,195,422,180,202,11,160,110,55,13,98
Jamal Crawford,LAC,SG,16,13253012,3,36,82,1,2157,359,869,116,322,243,547,174,203,17,112,213,59,14,134
Luc Mbah a Moute,LAC,SF,8,2203000,7,30,80,76,1787,191,378,43,110,148,268,59,87,47,127,39,81,35,47
Marreese Speights,LAC,C,8,1403611,9,29,82,2,1286,244,548,103,277,141,271,120,137,88,285,66,23,41,69
Paul Pierce,LAC,SF,18,3500000,13,39,25,7,277,28,70,15,43,13,27,10,13,1,47,10,4,5,16
Raymond Felton,LAC,PG,11,1551659,8,32,80,11,1700,221,514,46,144,175,370,50,64,33,184,191,67,22,83
Wesley Johnson,LAC,SF,6,5628000,10,29,68,3,810,73,200,29,118,44,82,11,17,26,155,23,29,30,18
Alec Burks,UTA,SG,5,10154495,12,25,42,0,653,99,248,25,76,74,172,60,78,17,103,30,18,5,35
Boris Diaw,UTA,PF,13,7.00E+06,7,34,73,33,1283,146,327,20,81,126,246,26,35,46,112,170,18,9,87
Dante Exum,UTA,PG,1,3940320,8,21,66,26,1228,155,364,44,149,111,215,58,73,30,102,112,21,12,80
Derrick Favors,UTA,PF,6,11050000,10,25,50,39,1186,203,417,3,10,200,407,67,109,92,213,56,45,40,60
George Hill,UTA,PG,8,8.00E+06,6,30,49,49,1544,289,606,94,233,195,373,157,196,23,144,203,50,11,85
Gordon Hayward,UTA,SF,6,16073140,2,26,73,73,2516,545,1156,149,374,396,782,362,429,49,344,252,73,20,140
Jeff Withey,UTA,C,3,1015696,13,26,51,1,432,55,103,0,1,55,102,36,48,52,69,7,16,32,14
Joe Ingles,UTA,SF,2,2250000,3,29,82,26,1972,204,451,123,279,81,172,50,68,23,237,224,96,8,107
Joe Johnson,UTA,SF,15,1.10E+07,4,35,78,14,1843,273,626,106,258,167,368,63,77,33,209,144,35,18,69
Joel Bolomboy,UTA,PF,R,6.00E+05,15,23,12,0,53,9,16,1,4,8,12,3,6,4,13,2,1,2,2
Raul Neto,UTA,PG,1,937800,14,24,40,0,346,41,91,10,31,31,60,8,9,4,26,34,21,5,15
Rodney Hood,UTA,SG,2,1406520,5,24,59,55,1593,272,666,114,306,158,360,90,115,16,186,96,39,11,65
Rudy Gobert,UTA,C,3,2121288,1,24,81,81,2744,413,623,0,1,413,622,311,476,314,721,97,49,214,148
Shelvin Mack,UTA,PG,5,2433334,9,26,55,9,1205,170,381,37,120,133,261,53,77,20,108,154,42,3,90
Trey Lyles,UTA,PF,1,2340600,11,21,71,4,1158,159,439,65,204,94,235,57,79,48,187,70,26,20,64
Alex Abrines,OKC,SG,R,5994764,8,23,68,6,1055,134,341,94,247,40,94,44,49,18,68,40,37,8,33
Andre Roberson,OKC,SF,3,2183072,3,25,79,79,2376,215,463,45,184,170,279,47,111,98,304,79,94,79,51
Domantas Sabonis,OKC,PF,R,2440200,5,20,81,66,1632,192,481,51,159,141,322,44,67,45,242,82,39,32,83
Doug McDermott,OKC,SF,2,2483040,13,25,22,1,430,56,124,21,58,35,66,12,17,6,43,13,2,1,6
Enes Kanter,OKC,C,5,17145838,6,24,72,0,1533,402,737,5,38,397,699,224,285,195,287,67,32,38,123
Jerami Grant,OKC,SF,2,980431,7,22,78,4,1490,146,311,43,114,103,197,86,139,38,161,46,33,75,41
Josh Huestis,OKC,PF,1,1191480,19,25,2,0,31,6,11,2,4,4,7,0,1,4,5,3,0,3,0
Kyle Singler,OKC,SF,4,4837500,14,28,32,2,385,34,83,7,37,27,46,13,17,8,40,9,7,5,11
Nick Collison,OKC,PF,12,3750000,16,36,20,0,128,14,23,0,1,14,22,5,8,9,21,12,2,2,4
Norris Cole,OKC,PG,5,247991,17,28,13,0,125,16,52,3,13,13,39,8,10,0,11,14,8,0,7
Russell Westbrook,OKC,PG,8,26540100,1,28,81,81,2802,824,1941,200,583,624,1358,710,840,137,727,840,133,31,438
Semaj Christon,OKC,PG,R,543471,9,24,64,1,973,77,223,12,63,65,160,17,31,19,69,130,28,6,43
Steven Adams,OKC,C,3,3140517,2,23,80,80,2389,374,655,0,1,374,654,157,257,282,333,86,88,78,146
Taj Gibson,OKC,PF,7,8950000,12,31,23,16,487,89,179,1,1,88,178,28,39,38,65,13,14,15,28
Victor Oladipo,OKC,SG,3,6552960,4,24,67,67,2222,412,932,127,352,285,580,116,154,39,252,176,78,21,119
Andrew Harrison,MEM,PG,R,945000,8,22,72,18,1474,117,360,43,156,74,204,148,194,23,113,198,54,20,85
Brandan Wright,MEM,PF,8,5700000,12,29,28,5,447,83,135,0,1,83,134,23,35,31,47,15,11,20,10
Chandler Parsons,MEM,SF,5,22116750,10,28,34,34,675,75,222,25,93,50,129,35,43,6,78,55,20,5,24
Deyonta Davis,MEM,C,R,1369229,16,20,36,0,238,24,47,0,0,24,47,10,18,20,40,2,3,17,8
James Ennis,MEM,SF,2,2898000,7,26,64,28,1501,146,321,51,137,95,184,86,110,69,190,64,46,19,59
JaMychal Green,MEM,PF,2,980431,3,26,77,75,2101,250,500,55,145,195,355,134,167,167,377,84,46,34,94
Jarell Martin,MEM,PF,1,1286160,11,22,42,3,558,58,151,9,25,49,126,40,50,42,120,8,17,9,28
Marc Gasol,MEM,C,8,21165675,1,32,74,74,2531,532,1160,104,268,428,892,278,332,60,402,338,67,99,166
Mike Conley,MEM,PG,9,26540100,2,29,69,68,2292,464,1009,171,419,293,590,316,368,31,211,433,92,19,156
Tony Allen,MEM,SG,12,5505618,4,35,71,66,1914,274,595,15,54,259,541,80,130,166,225,98,115,29,100
Troy Daniels,MEM,SG,3,3332940,9,25,67,3,1183,185,495,138,355,47,140,43,54,21,79,46,21,4,45
Vince Carter,MEM,SF,18,4264057,5,40,73,15,1799,193,490,112,296,81,194,88,115,36,191,133,60,36,50
Wade Baldwin,MEM,PG,R,1793760,14,20,33,1,405,36,115,3,22,33,93,31,37,11,35,61,18,7,40
Wayne Selden,MEM,SG,R,83119,17,22,11,2,189,20,50,3,21,17,29,12,18,1,10,12,4,1,9
Zach Randolph,MEM,PF,15,10361445,6,35,73,5,1786,433,964,21,94,412,870,141,193,182,416,122,38,10,99
Al-Farouq Aminu,POR,SF,6,7680965,5,26,61,25,1773,183,466,70,212,113,254,96,136,77,374,99,60,44,94
Allen Crabbe,POR,SG,3,18500000,3,24,79,7,2254,303,647,134,302,169,345,105,124,19,206,93,54,20,62
C.J. McCollum,POR,SG,3,3219579,1,25,80,80,2796,692,1441,185,440,507,1001,268,294,60,231,285,72,42,172
Damian Lillard,POR,PG,4,24328425,2,26,75,75,2694,661,1488,214,578,447,910,488,545,46,322,439,68,20,197
Ed Davis,POR,PF,6,6666667,10,27,46,12,789,75,142,0,0,75,142,50,81,96,147,27,15,22,37
Evan Turner,POR,SF,6,16393443,6,28,65,12,1658,235,552,31,118,204,434,85,103,36,211,205,53,24,100
Jake Layman,POR,SF,R,6.00E+05,14,22,35,1,249,26,89,13,51,13,38,13,17,6,18,11,9,3,11
Jusuf Nurkic,POR,C,2,1921320,11,22,20,19,584,120,236,0,1,120,235,64,97,65,142,63,25,38,62
Maurice Harkless,POR,SF,4,8988764,4,23,77,69,2223,314,624,68,194,246,430,77,124,125,216,89,85,70,85
Meyers Leonard,POR,PF,4,9213484,9,24,74,12,1222,146,378,74,213,72,165,35,40,27,209,71,13,28,35
Noah Vonleh,POR,PF,2,2751360,8,21,74,41,1265,130,270,7,20,123,250,60,94,131,256,31,30,27,64
Pat Connaughton,POR,SG,1,874636,13,24,39,1,316,37,72,17,33,20,39,7,9,10,42,28,6,2,17
Shabazz Napier,POR,PG,2,1350120,12,25,53,2,512,73,183,34,92,39,91,38,49,8,53,67,32,2,41
Tim Quarterman,POR,SG,R,543471,15,22,16,0,80,13,29,5,13,8,16,0,3,4,10,11,2,3,11
Danilo Gallinari,DEN,SF,7,15050000,2,28,63,63,2134,335,750,126,325,209,425,349,387,39,287,136,41,15,81
Darrell Arthur,DEN,PF,7,8070175,12,28,41,7,639,95,215,53,117,42,98,19,22,25,87,42,19,21,36
Emmanuel Mudiay,DEN,PG,1,3241800,8,20,55,41,1406,208,551,56,177,152,374,131,167,30,150,217,41,13,123
Gary Harris,DEN,SG,2,1655880,5,22,57,56,1782,320,636,107,255,213,381,104,134,48,130,164,71,8,76
Jamal Murray,DEN,SG,R,3210840,6,19,82,10,1764,295,729,115,344,180,385,106,120,41,173,170,53,24,113
Jameer Nelson,DEN,PG,12,4540525,3,34,75,39,2045,268,604,106,273,162,331,45,63,28,164,385,53,8,129
Juan Hernangomez,DEN,PF,R,1987440,10,21,62,9,842,101,223,46,112,55,111,57,76,43,144,29,29,12,31
Kenneth Faried,DEN,PF,5,12078652,9,27,61,34,1296,228,415,0,6,228,409,131,189,180,279,55,43,40,58
Malik Beasley,DEN,SG,R,1627320,14,20,22,1,165,33,73,9,28,24,45,8,10,5,12,11,7,0,8
Mason Plumlee,DEN,C,3,2328530,13,26,27,10,632,99,181,0,1,99,180,47,76,50,123,70,19,29,46
Mike Miller,DEN,SF,16,3500000,15,36,20,0,151,9,23,8,20,1,3,2,2,3,36,22,2,0,13
Nikola Jokic,DEN,C,1,1358500,4,21,73,59,2038,494,856,45,139,449,717,188,228,212,503,358,60,55,171
Roy Hibbert,DEN,C,8,5.00E+06,18,30,6,0,11,2,3,0,0,2,3,0,0,1,1,1,0,2,1
Will Barton,DEN,SG,4,3533333,7,26,60,19,1705,295,667,87,235,208,432,143,190,58,201,206,48,28,97
Wilson Chandler,DEN,SF,8,11200000,1,29,71,33,2197,433,940,110,326,323,614,141,194,104,356,143,52,30,114
Alexis Ajinca,NOP,C,6,4600000,10,28,39,15,584,89,178,0,4,89,174,29,40,46,131,12,20,22,31
Anthony Davis,NOP,C,4,22116750,1,23,75,75,2708,770,1527,40,134,730,1393,519,647,174,712,157,94,167,181
Axel Toupane,NOP,SF,1,20580,23,24,2,0,41,5,8,1,3,4,5,0,0,0,1,0,1,1,0
Cheick Diallo,NOP,PF,R,543471,16,20,17,0,199,36,76,0,0,36,76,15,21,23,50,4,4,7,7
Dante Cunningham,NOP,SF,7,2978250,5,29,66,35,1649,174,359,71,181,103,178,16,27,56,221,36,39,28,28
DeMarcus Cousins,NOP,C,6,16957900,11,26,17,17,574,142,314,36,96,106,218,94,121,38,174,66,25,19,62
Donatas Motiejunas,NOP,PF,4,576724,13,26,34,0,479,57,138,11,47,46,91,25,49,26,75,34,18,11,31
E'Twaun Moore,NOP,SG,5,8081363,4,27,73,22,1820,283,619,77,208,206,411,57,74,33,119,164,50,32,62
Jordan Crawford,NOP,SG,4,173094,15,28,19,0,442,105,218,37,95,68,123,20,26,4,30,57,11,2,25
Jrue Holiday,NOP,PG,7,11286518,3,26,67,61,2190,405,894,100,281,305,613,119,168,46,218,488,100,43,194
Omer Asik,NOP,C,6,9904494,12,30,31,19,482,31,65,0,0,31,65,23,39,48,115,15,5,10,14
Quinn Cook,NOP,PG,R,63938,20,23,9,0,111,22,41,6,12,16,29,2,3,1,3,14,3,0,5
Solomon Hill,NOP,SF,3,11241218,2,25,80,71,2374,183,477,94,270,89,207,103,128,51,256,141,71,32,82
Tim Frazier,NOP,PG,2,2090000,6,26,65,35,1525,163,404,40,128,123,276,98,129,34,139,335,56,6,101
A.J. Hammons,DAL,C,R,650000,17,24,22,0,163,17,42,5,10,12,32,9,20,8,28,4,1,13,10
DeAndre Liggins,DAL,SG,3,1015696,23,28,1,0,25,3,6,0,1,3,5,2,3,3,4,0,2,0,0
Devin Harris,DAL,PG,12,4228000,8,33,65,0,1087,136,341,58,177,78,164,107,129,11,116,136,43,7,57
Dirk Nowitzki,DAL,PF,18,2.50E+07,5,38,54,54,1424,296,678,79,209,217,469,98,112,23,330,82,30,38,51
Dorian Finney-Smith,DAL,PF,R,543471,4,23,81,35,1642,124,333,56,191,68,142,46,61,55,166,67,52,25,45
Dwight Powell,DAL,C,2,8375000,6,25,77,3,1333,194,377,21,74,173,303,107,141,94,213,49,61,39,34
Harrison Barnes,DAL,PF,4,22116750,1,24,79,79,2803,599,1280,78,222,521,1058,242,281,94,303,117,66,15,102
J.J. Barea,DAL,PG,10,4096950,11,32,35,6,771,142,343,53,148,89,195,44,51,9,75,193,14,1,63
Jarrod Uthoff,DAL,PF,R,63938,18,23,9,0,115,16,38,3,9,13,29,5,7,8,14,9,2,4,3
Nerlens Noel,DAL,C,2,4384490,15,22,22,12,483,77,134,0,0,77,134,34,48,47,103,20,22,25,22
Nicolas Brussino,DAL,SF,R,543471,14,23,54,2,521,52,141,29,95,23,46,17,22,26,69,47,17,8,26
Salah Mejri,DAL,C,1,874636,10,30,73,11,905,88,137,1,3,87,134,36,61,97,211,14,32,61,40
Seth Curry,DAL,PG,3,2898000,3,26,70,42,2029,338,703,137,322,201,381,85,100,25,153,188,79,7,92
Wesley Matthews,DAL,SG,7,17100000,2,30,73,73,2495,333,847,174,479,159,368,146,179,18,241,210,77,16,102
Yogi Ferrell,DAL,PG,R,207798,9,23,36,29,1046,142,345,60,149,82,196,64,73,16,83,155,40,7,56
Anthony Tolliver,SAC,PF,8,8.00E+06,6,31,65,9,1477,155,351,90,230,65,121,61,82,51,188,77,33,20,56
Arron Afflalo,SAC,SG,9,12500000,5,31,61,45,1580,185,420,62,151,123,269,83,93,9,116,78,21,7,42
Ben McLemore,SAC,SG,3,4008882,10,23,61,26,1176,180,419,65,170,115,249,70,93,19,111,51,29,6,62
Buddy Hield,SAC,SG,R,3517200,12,23,25,18,727,142,296,59,138,83,158,35,43,16,87,44,20,2,53
Darren Collison,SAC,PG,7,5229454,1,29,68,64,2063,340,714,73,175,267,539,147,171,23,130,312,67,9,114
Garrett Temple,SAC,SG,6,8.00E+06,4,30,65,21,1728,183,432,82,220,101,212,58,74,32,151,169,84,28,78
Georgios Papagiannis,SAC,C,R,2202240,16,19,22,0,355,56,102,0,2,56,100,12,14,24,62,20,3,17,24
Kosta Koufos,SAC,C,8,8046500,8,27,71,62,1419,216,392,0,1,216,391,38,62,118,285,47,36,48,61
Langston Galloway,SAC,PG,2,5200000,15,25,19,2,375,42,104,19,40,23,64,11,12,7,28,28,6,1,18
Malachi Richardson,SAC,SG,R,1439880,18,21,22,0,198,28,68,8,28,20,40,15,19,3,20,11,5,1,8
Rudy Gay,SAC,SF,10,13333333,11,30,30,30,1013,201,442,42,113,159,329,118,138,35,155,82,44,26,74
Skal Labissiere,SAC,PF,R,1188840,13,20,33,12,612,117,218,3,8,114,210,52,74,51,111,27,16,13,37
Ty Lawson,SAC,PG,7,1315448,3,29,69,24,1732,237,522,34,118,203,404,173,217,44,135,335,74,6,129
Tyreke Evans,SAC,SF,7,10661286,17,27,14,6,314,59,143,21,48,38,95,24,34,7,44,33,12,5,22
Willie Cauley-Stein,SAC,C,1,3551160,7,23,75,21,1421,255,481,0,2,255,479,101,151,85,255,80,53,45,69
Adreian Payne,MIN,PF,2,2022240,13,25,18,0,135,23,54,3,15,20,39,14,19,9,24,7,8,7,8
Andrew Wiggins,MIN,SF,2,6006600,1,21,82,82,3048,709,1570,103,289,606,1281,412,542,103,226,189,82,30,187
Brandon Rush,MIN,SG,8,3500000,9,31,47,33,1030,70,187,44,114,26,73,13,18,16,83,45,22,23,28
Cole Aldrich,MIN,C,6,7643979,11,28,62,0,531,45,86,0,0,45,86,15,22,51,107,25,25,23,17
Gorgui Dieng,MIN,PF,3,2348783,3,27,82,82,2653,332,661,16,43,316,618,136,167,188,459,158,88,95,107
Jordan Hill,MIN,C,7,3911380,15,29,7,0,47,5,13,0,0,5,13,2,2,8,6,0,1,0,4
Karl-Anthony Towns,MIN,C,1,5960160,2,21,82,82,3030,802,1479,101,275,701,1204,356,428,296,711,220,57,103,212
Kris Dunn,MIN,PG,R,3872520,7,22,78,7,1333,118,313,21,73,97,240,36,59,24,142,188,78,36,89
Nemanja Bjelica,MIN,PF,1,3800000,8,28,65,1,1190,151,356,56,177,95,179,45,61,57,187,79,40,20,59
Omri Casspi,MIN,SF,7,138414,12,28,13,0,222,19,39,2,10,17,29,5,8,6,14,11,13,2,10
Ricky Rubio,MIN,PG,5,13550000,4,26,75,75,2469,261,650,60,196,201,454,254,285,68,237,682,128,10,195
Shabazz Muhammad,MIN,SF,3,3046299,6,24,78,1,1516,288,598,49,146,239,452,147,190,84,136,35,22,6,56
Tyus Jones,MIN,PG,1,1339680,10,20,60,0,774,75,181,26,73,49,108,33,43,10,57,156,47,5,38
Zach LaVine,MIN,SG,2,2240880,5,21,47,47,1749,326,710,120,310,206,400,117,140,18,141,139,41,10,85
Brandon Ingram,LAL,SF,R,5281680,2,19,79,40,2279,276,686,55,187,221,499,133,214,60,257,166,50,36,116
Corey Brewer,LAL,SF,9,7600000,15,30,24,3,358,53,121,5,24,48,97,18,24,11,41,36,24,8,19
D'Angelo Russell,LAL,PG,1,5332800,4,20,63,60,1811,351,867,135,384,216,483,147,188,31,191,303,87,16,176
David Nwaba,LAL,SG,R,73528,13,24,20,2,397,47,81,1,5,46,76,25,39,16,46,14,13,7,11
Ivica Zubac,LAL,C,R,1034956,11,19,38,11,609,126,238,0,3,126,235,32,49,41,118,30,14,33,30
Jordan Clarkson,LAL,SG,2,12500000,1,24,82,19,2397,477,1071,117,356,360,715,134,168,49,197,213,88,8,164
Julius Randle,LAL,PF,2,3267120,3,22,74,73,2132,377,773,17,63,360,710,204,282,151,485,264,49,37,173
Larry Nance Jr.,LAL,PF,1,1207680,7,24,63,7,1442,190,361,10,36,180,325,59,80,120,249,96,82,40,56
Luol Deng,LAL,SF,12,1.80E+07,6,31,56,49,1486,164,424,51,165,113,259,46,63,63,232,74,48,20,43
Metta World Peace,LAL,SF,16,1551659,18,37,25,2,160,19,68,9,38,10,30,10,16,5,15,11,9,2,7
Nick Young,LAL,SG,9,5443918,5,31,60,60,1556,272,633,170,421,102,212,77,90,25,112,58,37,14,36
Tarik Black,LAL,C,2,6191000,10,25,67,16,1091,150,294,1,2,149,292,82,109,143,199,39,30,44,58
Thomas Robinson,LAL,PF,4,1050961,12,25,48,1,560,105,196,0,1,105,195,31,66,84,139,31,26,9,46
Timofey Mozgov,LAL,C,6,1.60E+07,9,30,54,52,1104,169,328,0,1,169,327,63,78,104,160,43,16,31,72
Tyler Ennis,LAL,PG,2,1733880,14,22,22,2,392,65,144,21,54,44,90,19,22,6,21,52,20,2,21
Alan Williams,PHO,C,1,874636,12,24,47,0,708,138,267,0,1,138,266,70,112,94,198,23,27,32,37
Alex Len,PHO,C,3,4823621,6,23,77,34,1560,230,463,3,12,227,451,150,208,156,354,44,37,98,102
Brandon Knight,PHO,SG,5,12606250,9,25,54,5,1140,209,525,45,139,164,386,132,154,25,93,130,27,5,89
Derrick Jones,PHO,SF,R,543471,14,19,32,8,545,68,121,3,11,65,110,29,41,39,40,12,14,13,13
Devin Booker,PHO,SG,1,2223600,1,20,78,78,2730,606,1431,147,405,459,1026,367,441,46,203,268,72,21,241
Dragan Bender,PHO,PF,R,4276320,13,19,43,0,574,57,161,28,101,29,60,4,11,23,80,23,10,22,32
Elijah Millsap,PHO,SG,2,23069,17,29,2,0,23,1,7,0,2,1,5,1,2,3,3,1,0,0,2
Eric Bledsoe,PHO,PG,6,1.40E+07,2,27,66,66,2176,449,1034,104,310,345,724,388,458,52,268,418,92,31,223
Jared Dudley,PHO,PF,9,10470000,7,31,64,7,1362,157,346,77,203,80,143,43,65,31,194,121,42,16,72
Leandro Barbosa,PHO,SG,13,4.00E+06,11,34,67,0,963,172,392,35,98,137,294,40,45,15,89,81,31,8,48
Marquese Chriss,PHO,PF,R,2941440,4,19,82,75,1743,284,632,72,224,212,408,113,181,96,252,60,67,70,108
Ronnie Price,PHO,PG,11,282595,15,33,14,0,134,4,24,3,17,1,7,3,4,3,8,18,11,1,3
T.J. Warren,PHO,SF,2,2128920,3,23,66,59,2048,403,814,26,98,377,716,119,154,125,214,75,76,39,57
Tyler Ulis,PHO,PG,R,918369,10,21,61,15,1123,184,437,21,79,163,358,55,71,20,75,226,48,5,77
Tyson Chandler,PHO,C,15,12415000,8,34,47,46,1298,153,228,0,0,153,228,91,124,154,385,30,33,24,67